date,time,size,r_version,r_arch,r_os,package,version,country,ip_id
2021-10-31,18:40:05,100255,NA,NA,NA,lifecycle,1.0.1,US,475
2021-10-31,18:40:05,862188,NA,NA,NA,rlang,0.4.12,US,618
2021-10-31,18:42:27,165179,4.1.0,x86_64,darwin17.0,gower,0.2.2,US,661
2021-10-31,18:42:16,802033,NA,NA,NA,V8,3.4.2,GB,9
2021-10-31,18:42:19,427738,3.5.2,x86_64,linux-gnu,ragg,1.2.0,GB,9
2021-10-31,18:39:55,567263,NA,NA,NA,e1071,1.7-9,US,21
2021-10-31,18:40:26,82251,NA,NA,NA,systemfonts,1.0.3,US,52
2021-10-31,18:42:25,60424,NA,NA,NA,rprojroot,2.0.2,HK,577
2021-10-31,18:42:22,515741,NA,NA,NA,scales,1.1.1,US,330
2021-10-31,18:42:22,138086,4.0.2,x86_64,mingw32,nnet,7.3-16,US,662
2021-10-31,18:42:27,783849,NA,NA,NA,vctrs,0.3.8,HK,577
2021-10-31,18:42:15,107385,4.1.1,x86_64,darwin17.0,brew,1.0-6,NA,8
2021-10-31,18:40:57,314108,4.1.1,x86_64,darwin17.0,memoiR,1.1-2,US,311
2021-10-31,18:42:19,851630,3.5.2,x86_64,linux-gnu,pkgdown,1.6.1,GB,9
2021-10-31,18:42:16,2568909,NA,NA,NA,rgl,0.107.14,GB,13
2021-10-31,18:42:18,36260,3.5.2,x86_64,linux-gnu,textshaping,0.3.6,GB,9
2021-10-31,18:42:20,371838,3.5.2,x86_64,linux-gnu,devtools,2.4.2,GB,9
2021-10-31,18:39:24,350991,4.1.0,x86_64,darwin17.0,future,1.23.0,NA,8
2021-10-31,18:41:41,427738,3.5.2,x86_64,linux-gnu,ragg,1.2.0,GB,9
2021-10-31,18:42:16,1322821,NA,NA,NA,openxlsx,4.2.4,US,399
2021-10-31,18:42:24,2032490,NA,NA,NA,testthat,3.1.0,US,2
2021-10-31,18:42:11,1042319,4.1.1,x86_64,mingw32,pillar,1.6.4,ZA,444
2021-10-31,18:42:16,348006,4.1.1,x86_64,mingw32,htmltools,0.5.2,ZA,444
2021-10-31,18:42:21,783149,NA,NA,NA,vctrs,0.3.8,US,330
2021-10-31,18:40:49,64302,NA,NA,NA,fracdiff,1.5-1,US,494
2021-10-31,18:42:23,36260,3.5.2,x86_64,linux-gnu,textshaping,0.3.6,GB,9
2021-10-31,18:42:16,2568909,NA,NA,NA,rgl,0.107.14,GB,13
2021-10-31,18:42:11,557030,NA,NA,NA,js,1.2,GB,13
2021-10-31,18:42:18,371838,3.5.2,x86_64,linux-gnu,devtools,2.4.2,GB,9
2021-10-31,18:42:21,1097605,NA,NA,NA,pillar,1.6.4,US,330
2021-10-31,18:42:20,14677,NA,NA,NA,benchden,1.0.5,CA,663
2021-10-31,18:42:22,862199,NA,NA,NA,rlang,0.4.12,US,330
2021-10-31,18:42:23,146584,4.0.3,x86_64,mingw32,foreach,1.5.1,PL,642
2021-10-31,18:42:11,371838,NA,NA,NA,devtools,2.4.2,GB,9
2021-10-31,18:42:17,2568909,NA,NA,NA,rgl,0.107.14,GB,9
2021-10-31,18:42:24,427738,3.5.2,x86_64,linux-gnu,ragg,1.2.0,GB,9
2021-10-31,18:42:27,3063851,NA,NA,NA,ggplot2,3.3.5,GB,13
2021-10-31,18:42:23,290394,3.5.2,x86_64,linux-gnu,rgeos,0.5-8,GB,9
2021-10-31,18:42:23,785174,3.5.2,x86_64,linux-gnu,Hmisc,4.6-0,GB,9
2021-10-31,18:42:19,36260,3.5.2,x86_64,linux-gnu,textshaping,0.3.6,GB,9
2021-10-31,18:42:20,226074,NA,NA,NA,magrittr,2.0.1,US,2
2021-10-31,18:42:25,94818,4.1.1,x86_64,linux-gnu,workflows,0.2.4,NA,8
2021-10-31,18:42:18,1286726,4.1.1,x86_64,mingw32,haven,2.4.3,ZA,444
2021-10-31,18:42:22,856407,4.1.1,x86_64,mingw32,minqa,1.2.4,ZA,444
2021-10-31,18:40:24,210673,4.1.1,x86_64,darwin17.0,stringr,1.4.0,US,474
2021-10-31,18:40:05,100255,NA,NA,NA,lifecycle,1.0.1,US,457
2021-10-31,18:42:21,215180,NA,NA,NA,trust,0.1-8,US,461
2021-10-31,18:42:20,36260,3.5.2,x86_64,linux-gnu,textshaping,0.3.6,GB,9
2021-10-31,18:42:22,134005,NA,NA,NA,rle,0.9.2,US,461
2021-10-31,18:42:17,427738,3.5.2,x86_64,linux-gnu,ragg,1.2.0,GB,9
2021-10-31,18:42:18,851630,3.5.2,x86_64,linux-gnu,pkgdown,1.6.1,GB,9
2021-10-31,18:42:29,13131,NA,NA,NA,assertthat,0.2.1,NA,8
2021-10-31,18:42:27,3063851,NA,NA,NA,ggplot2,3.3.5,GB,9
2021-10-31,18:42:22,36260,3.5.2,x86_64,linux-gnu,textshaping,0.3.6,GB,9
2021-10-31,18:42:26,169957,4.1.1,x86_64,darwin17.0,descr,1.1.5,US,184
2021-10-31,18:42:19,851630,3.5.2,x86_64,linux-gnu,pkgdown,1.6.1,GB,9
2021-10-31,18:42:22,2697470,NA,NA,NA,ergm,4.1.2,US,461
2021-10-31,18:42:18,427738,3.5.2,x86_64,linux-gnu,ragg,1.2.0,GB,9
2021-10-31,18:42:23,371838,NA,NA,NA,devtools,2.4.2,GB,9
2021-10-31,18:42:19,2568909,NA,NA,NA,rgl,0.107.14,GB,9
2021-10-31,18:42:21,290394,3.5.2,x86_64,linux-gnu,rgeos,0.5-8,GB,9
2021-10-31,18:42:20,371838,3.5.2,x86_64,linux-gnu,devtools,2.4.2,GB,9
2021-10-31,18:42:23,3524687,3.5.2,x86_64,linux-gnu,sf,1.0-3,GB,9
2021-10-31,18:42:25,290394,NA,NA,NA,rgeos,0.5-8,GB,13
2021-10-31,18:42:21,557031,NA,NA,NA,js,1.2,GB,13
2021-10-31,18:42:19,6120443,4.1.1,x86_64,darwin17.0,rgl,0.107.14,NA,8
2021-10-31,18:42:23,315196,NA,NA,NA,timeDate,3043.102,US,330
2021-10-31,18:42:19,905823,4.1.1,x86_64,mingw32,htmlwidgets,1.5.4,ZA,444
2021-10-31,18:42:15,707292,4.1.1,x86_64,mingw32,xtable,1.8-4,IN,114
2021-10-31,18:42:24,290394,3.5.2,x86_64,linux-gnu,rgeos,0.5-8,GB,9
2021-10-31,18:42:24,856381,3.5.2,x86_64,linux-gnu,units,0.7-2,GB,9
2021-10-31,18:42:24,421935,4.1.1,x86_64,darwin17.0,tidyverse,1.3.1,GB,664
2021-10-31,18:40:16,445182,NA,NA,NA,ggthemes,4.2.4,US,293
2021-10-31,18:42:24,4496994,NA,NA,NA,visNetwork,2.1.0,BE,665
2021-10-31,18:42:21,64989,4.1.1,x86_64,darwin17.0,rversions,2.1.1,NA,8
2021-10-31,18:40:18,5899,NA,NA,NA,aws.ec2metadata,0.2.0,US,493
2021-10-31,18:42:25,63869,NA,NA,NA,R6,2.5.1,HK,577
2021-10-31,18:42:08,516134,NA,NA,NA,scales,1.1.1,MZ,25
2021-10-31,18:40:05,8604,NA,NA,NA,ellipsis,0.3.2,US,611
2021-10-31,18:42:18,141396,4.1.1,x86_64,darwin17.0,pkgbuild,1.2.0,NA,8
2021-10-31,18:42:22,394735,4.1.1,x86_64,darwin17.0,devtools,2.4.2,NA,8
2021-10-31,18:42:01,856381,3.5.2,x86_64,linux-gnu,units,0.7-2,GB,9
2021-10-31,18:42:13,92907,4.1.1,x86_64,darwin17.0,backports,1.3.0,US,466
2021-10-31,18:42:17,171732,4.1.1,x86_64,darwin17.0,sessioninfo,1.2.0,US,466
2021-10-31,18:42:25,482978,NA,NA,NA,cli,3.1.0,HK,577
2021-10-31,18:42:18,958684,NA,NA,NA,htmlwidgets,1.5.4,MZ,25
2021-10-31,18:42:22,897599,NA,NA,NA,knitr,1.36,MZ,25
2021-10-31,18:42:18,851630,3.5.2,x86_64,linux-gnu,pkgdown,1.6.1,GB,9
2021-10-31,18:42:24,856381,3.5.2,x86_64,linux-gnu,units,0.7-2,GB,9
2021-10-31,18:42:09,703719,4.1.1,x86_64,darwin17.0,ggrepel,0.9.1,CA,166
2021-10-31,18:42:17,2645701,4.1.1,i386,mingw32,colorspace,2.0-2,AT,666
2021-10-31,18:42:17,759355,4.1.1,i386,mingw32,cli,3.0.1,AT,666
2021-10-31,18:42:17,210413,4.1.1,i386,mingw32,utf8,1.2.2,AT,666
2021-10-31,18:42:18,1753188,4.1.1,i386,mingw32,farver,2.1.0,AT,666
2021-10-31,18:42:18,63214,4.1.1,i386,mingw32,labeling,0.4.2,AT,666
2021-10-31,18:42:18,123870,4.1.1,i386,mingw32,lifecycle,1.0.1,AT,666
2021-10-31,18:42:18,245886,4.1.1,i386,mingw32,munsell,0.5.0,AT,666
2021-10-31,18:42:18,84770,4.1.1,i386,mingw32,R6,2.5.1,AT,666
2021-10-31,18:42:18,56232,4.1.1,i386,mingw32,RColorBrewer,1.1-2,AT,666
2021-10-31,18:42:18,1300029,4.1.1,i386,mingw32,viridisLite,0.4.0,AT,666
2021-10-31,18:42:19,49728,4.1.1,i386,mingw32,ellipsis,0.3.2,AT,666
2021-10-31,18:42:19,249329,4.1.1,i386,mingw32,fansi,0.5.0,AT,666
2021-10-31,18:42:19,1042318,4.1.1,i386,mingw32,pillar,1.6.4,AT,666
2021-10-31,18:42:19,23060,4.1.1,i386,mingw32,pkgconfig,2.0.3,AT,666
2021-10-31,18:42:19,1254558,4.1.1,i386,mingw32,vctrs,0.3.8,AT,666
2021-10-31,18:42:20,434915,4.1.1,i386,mingw32,gtable,0.3.0,AT,666
2021-10-31,18:42:20,2727298,4.1.1,i386,mingw32,isoband,0.2.5,AT,666
2021-10-31,18:42:20,558586,4.1.1,i386,mingw32,scales,1.1.1,AT,666
2021-10-31,18:42:21,871716,4.1.1,i386,mingw32,tibble,3.1.5,AT,666
2021-10-31,18:42:21,213508,4.1.1,i386,mingw32,withr,2.4.2,AT,666
2021-10-31,18:42:22,4130396,4.1.1,i386,mingw32,ggplot2,3.3.5,AT,666
2021-10-31,18:42:21,302265,NA,NA,NA,fansi,0.5.0,US,330
2021-10-31,18:42:21,314572,NA,NA,NA,TTR,0.24.2,US,330
2021-10-31,18:42:26,165614,NA,NA,NA,digest,0.6.28,CH,548
2021-10-31,18:42:19,851630,3.5.2,x86_64,linux-gnu,pkgdown,1.6.1,GB,9
2021-10-31,18:40:06,112436,NA,NA,NA,dtplyr,1.1.0,US,618
2021-10-31,18:40:06,112436,NA,NA,NA,dtplyr,1.1.0,US,455
2021-10-31,18:42:24,3524687,3.5.2,x86_64,linux-gnu,sf,1.0-3,GB,9
2021-10-31,18:42:22,36260,3.5.2,x86_64,linux-gnu,textshaping,0.3.6,GB,9
2021-10-31,18:42:24,2789691,4.1.1,x86_64,mingw32,vip,0.3.2,US,667
2021-10-31,18:42:23,482601,4.1.1,x86_64,mingw32,cli,3.1.0,US,512
2021-10-31,18:42:24,24396,4.1.1,x86_64,mingw32,conquer,1.2.0,US,512
2021-10-31,18:42:24,40242,4.1.1,x86_64,mingw32,crayon,1.4.2,US,512
2021-10-31,18:42:24,233375,4.1.1,x86_64,mingw32,labelled,2.9.0,US,512
2021-10-31,18:42:24,171707,4.1.1,x86_64,mingw32,sessioninfo,1.2.0,US,512
2021-10-31,18:42:24,564033,4.1.1,x86_64,mingw32,tzdb,0.2.0,US,512
2021-10-31,18:42:25,334436,4.1.1,x86_64,mingw32,usethis,2.1.3,US,512
2021-10-31,18:42:25,72478,4.1.1,x86_64,mingw32,uuid,1.0-2,US,512
2021-10-31,18:42:27,3263567,4.1.0,x86_64,mingw32,Rcpp,1.0.7,NA,8
2021-10-31,18:42:27,2705514,4.1.0,x86_64,mingw32,RcppArmadillo,0.10.7.0.0,NA,8
2021-10-31,18:42:27,9014327,4.1.0,x86_64,mingw32,igraph,1.2.7,NA,8
2021-10-31,18:42:22,434913,4.1.0,x86_64,mingw32,gtable,0.3.0,NA,8
2021-10-31,18:42:17,9322228,4.1.1,x86_64,mingw32,V8,3.4.2,DK,251
2021-10-31,18:42:18,2870587,4.1.1,x86_64,mingw32,RcppEigen,0.3.3.9.1,DK,251
2021-10-31,18:42:18,19675578,4.1.1,x86_64,mingw32,BH,1.75.0-0,DK,251
2021-10-31,18:42:19,298083,4.1.1,x86_64,mingw32,RUnit,0.4.32,DK,251
2021-10-31,18:42:19,1380437,4.1.1,x86_64,mingw32,shinystan,2.5.0,DK,251
2021-10-31,18:42:20,4622428,4.1.1,x86_64,mingw32,bayesplot,1.8.1,DK,251
2021-10-31,18:42:20,161304,4.1.1,x86_64,mingw32,rstantools,2.1.1,DK,251
2021-10-31,18:42:20,5236238,4.1.1,x86_64,mingw32,rstan,2.21.2,DK,251
2021-10-31,18:42:29,1907153,4.0.4,x86_64,mingw32,ggpubr,0.4.0,NA,8
2021-10-31,18:42:26,744987,NA,NA,NA,DBI,1.1.1,NA,8
2021-10-31,18:42:21,178416,4.1.1,x86_64,darwin17.0,tree,1.0-41,NA,8
2021-10-31,18:39:59,702813,4.1.1,x86_64,darwin17.0,xtable,1.8-4,US,474
2021-10-31,18:40:05,862188,NA,NA,NA,rlang,0.4.12,US,128
2021-10-31,18:42:19,77378,4.1.1,x86_64,mingw32,evaluate,0.14,PT,668
2021-10-31,18:42:21,381741,4.1.1,x86_64,mingw32,xfun,0.27,PT,668
2021-10-31,18:42:26,2409272,4.1.1,x86_64,darwin17.0,nlme,3.1-153,US,466
2021-10-31,18:42:26,100209,NA,NA,NA,lifecycle,1.0.1,HK,577
2021-10-31,18:42:21,289056,NA,NA,NA,statnet.common,4.5.0,US,461
2021-10-31,18:40:32,12615,4.1.1,x86_64,darwin17.0,rematch,1.0.1,US,474
2021-10-31,18:40:05,783148,NA,NA,NA,vctrs,0.3.8,US,618
2021-10-31,18:40:07,100139,NA,NA,NA,rjson,0.2.20,US,299
2021-10-31,18:40:06,112436,NA,NA,NA,dtplyr,1.1.0,US,611
2021-10-31,18:40:05,1097605,NA,NA,NA,pillar,1.6.4,US,457
2021-10-31,18:42:19,395902,4.1.1,x86_64,darwin17.0,remotes,2.4.1,NA,8
2021-10-31,18:41:53,3524687,NA,NA,NA,sf,1.0-3,GB,13
2021-10-31,18:41:52,290394,NA,NA,NA,rgeos,0.5-8,GB,9
2021-10-31,18:42:22,350768,4.1.1,x86_64,mingw32,future,1.23.0,US,512
2021-10-31,18:42:23,2785002,4.1.1,x86_64,mingw32,bayestestR,0.11.5,US,512
2021-10-31,18:42:20,16005,NA,NA,NA,rkafkajars,1.1,US,669
2021-10-31,18:42:27,422562,NA,NA,NA,jsonlite,1.7.2,HK,577
2021-10-31,18:42:27,240973,NA,NA,NA,utf8,1.2.2,HK,577
2021-10-31,18:42:25,1023962,4.1.1,x86_64,mingw32,e1071,1.7-9,NA,8
2021-10-31,18:42:27,343878,4.1.1,x86_64,mingw32,iterators,1.0.13,NA,8
2021-10-31,18:42:27,146618,4.1.1,x86_64,mingw32,foreach,1.5.1,NA,8
2021-10-31,18:39:51,318093,NA,NA,NA,cpp11,0.4.0,US,53
2021-10-31,18:42:20,861224,4.1.1,x86_64,darwin17.0,roxygen2,7.1.2,NA,8
2021-10-31,18:42:23,683475,NA,NA,NA,urca,1.3-0,US,330
2021-10-31,18:42:10,3524687,NA,NA,NA,sf,1.0-3,GB,13
2021-10-31,18:42:18,19083,NA,NA,NA,RJDBC,0.2-8,US,540
2021-10-31,18:42:26,3000563,4.1.1,x86_64,mingw32,viridis,0.6.2,NA,8
2021-10-31,18:42:27,3280176,4.1.1,x86_64,mingw32,Hmisc,4.6-0,NA,8
2021-10-31,18:42:23,786261,4.1.1,x86_64,mingw32,crosstalk,1.1.1,ZA,444
2021-10-31,18:42:26,526396,4.1.1,x86_64,mingw32,jquerylib,0.1.4,ZA,444
2021-10-31,18:42:27,43691,4.1.1,x86_64,mingw32,base64enc,0.1-3,NL,670
2021-10-31,18:42:29,270087,4.1.1,x86_64,mingw32,digest,0.6.28,NL,670
2021-10-31,18:42:31,77377,4.1.1,x86_64,mingw32,evaluate,0.14,NL,670
2021-10-31,18:42:27,387873,4.1.0,x86_64,darwin17.0,ipred,0.9-12,US,661
2021-10-31,18:42:20,1207947,NA,NA,NA,mgcv,1.8-38,US,86
2021-10-31,18:42:14,3524687,NA,NA,NA,sf,1.0-3,GB,13
2021-10-31,18:42:22,856381,3.5.2,x86_64,linux-gnu,units,0.7-2,GB,9
2021-10-31,18:42:28,696435,NA,NA,NA,testthat,3.1.0,HK,577
2021-10-31,18:42:23,171768,4.1.1,x86_64,darwin17.0,sessioninfo,1.2.0,NA,8
2021-10-31,18:40:50,585243,NA,NA,NA,forecast,8.15,US,140
2021-10-31,18:40:57,2068259,4.1.1,x86_64,darwin17.0,rmdformats,1.0.3,US,311
2021-10-31,18:42:16,770900,4.1.1,x86_64,darwin17.0,usethis,2.1.3,NA,8
2021-10-31,18:40:26,158367,NA,NA,NA,webshot,0.5.2,US,53
2021-10-31,18:42:28,34148,NA,NA,NA,waldo,0.3.1,HK,577
2021-10-31,18:42:27,24609,NA,NA,NA,evaluate,0.14,HK,577
2021-10-31,18:42:22,802033,NA,NA,NA,V8,3.4.2,GB,13
2021-10-31,18:42:23,371838,NA,NA,NA,devtools,2.4.2,GB,13
2021-10-31,18:42:21,802033,NA,NA,NA,V8,3.4.2,GB,13
2021-10-31,18:40:05,8604,NA,NA,NA,ellipsis,0.3.2,US,128
2021-10-31,18:42:19,427738,3.5.2,x86_64,linux-gnu,ragg,1.2.0,GB,9
2021-10-31,18:42:25,120183,NA,NA,NA,ps,1.6.0,HK,577
2021-10-31,18:42:22,36588,NA,NA,NA,magicfor,0.1.0,US,84
2021-10-31,18:42:24,2104141,NA,NA,NA,magick,2.7.3,US,84
2021-10-31,18:42:24,141971,NA,NA,NA,processx,3.5.2,HK,577
2021-10-31,18:42:26,13768,NA,NA,NA,rematch2,2.1.2,HK,577
2021-10-31,18:42:27,7609108,NA,NA,NA,stringi,1.7.5,HK,577
2021-10-31,18:42:25,480524,NA,NA,NA,diffobj,0.3.5,HK,577
2021-10-31,18:42:26,266254,NA,NA,NA,magrittr,2.0.1,HK,577
2021-10-31,18:42:26,290394,NA,NA,NA,rgeos,0.5-8,GB,9
2021-10-31,18:42:26,677784,NA,NA,NA,crosstalk,1.1.1,MZ,25
2021-10-31,18:42:26,8449,NA,NA,NA,ellipsis,0.3.2,HK,577
2021-10-31,18:40:07,12071,NA,NA,NA,RColorBrewer,1.1-2,US,44
2021-10-31,18:40:00,1265458,4.1.1,x86_64,darwin17.0,dplyr,1.0.7,US,652
2021-10-31,18:40:05,100255,NA,NA,NA,lifecycle,1.0.1,US,455
2021-10-31,18:40:05,1097605,NA,NA,NA,pillar,1.6.4,US,452
2021-10-31,18:40:05,8604,NA,NA,NA,ellipsis,0.3.2,US,455
2021-10-31,18:40:05,1097605,NA,NA,NA,pillar,1.6.4,US,128
2021-10-31,18:42:16,94465,4.1.1,x86_64,darwin17.0,waldo,0.3.1,NA,8
2021-10-31,18:42:25,3524687,NA,NA,NA,sf,1.0-3,GB,13
2021-10-31,18:42:23,3063851,3.5.2,x86_64,linux-gnu,ggplot2,3.3.5,GB,9
2021-10-31,18:42:28,558476,4.1.0,x86_64,darwin17.0,ModelMetrics,1.2.2.2,US,661
2021-10-31,18:42:25,2645701,4.1.1,x86_64,mingw32,colorspace,2.0-2,IN,147
2021-10-31,18:42:25,40123,NA,NA,NA,crayon,1.4.2,HK,577
2021-10-31,18:40:09,2451474,NA,NA,NA,nloptr,1.2.2.2,US,415
2021-10-31,18:40:05,100255,NA,NA,NA,lifecycle,1.0.1,US,611
2021-10-31,18:40:06,399873,4.1.1,x86_64,mingw32,remotes,2.4.1,US,507
2021-10-31,18:42:21,2568909,NA,NA,NA,rgl,0.107.14,GB,13
2021-10-31,18:42:26,3063851,NA,NA,NA,ggplot2,3.3.5,GB,9
2021-10-31,18:42:25,3063851,NA,NA,NA,ggplot2,3.3.5,GB,13
2021-10-31,18:42:24,785174,3.5.2,x86_64,linux-gnu,Hmisc,4.6-0,GB,9
2021-10-31,18:42:28,15580,NA,NA,NA,highr,0.9,HK,577
2021-10-31,18:42:28,1555060,4.1.0,x86_64,darwin17.0,timeDate,3043.102,US,661
2021-10-31,18:42:25,94766,NA,NA,NA,withr,2.4.2,HK,577
2021-10-31,18:41:43,3063851,3.5.2,x86_64,linux-gnu,ggplot2,3.3.5,GB,9
2021-10-31,18:42:26,11347,NA,NA,NA,bitops,1.0-7,CH,548
2021-10-31,18:41:38,177980,4.0.3,x86_64,mingw32,Formula,1.2-4,NL,671
2021-10-31,18:41:38,2202641,4.0.3,x86_64,mingw32,latticeExtra,0.6-29,NL,671
2021-10-31,18:41:38,411460,4.0.3,x86_64,mingw32,htmlTable,2.3.0,NL,671
2021-10-31,18:41:38,3277846,4.0.3,x86_64,mingw32,Hmisc,4.6-0,NL,671
2021-10-31,18:42:23,519663,4.1.1,x86_64,mingw32,httr,1.4.2,AR,316
2021-10-31,18:42:27,545051,4.1.1,x86_64,mingw32,jsonlite,1.7.2,AR,316
2021-10-31,18:40:05,852643,NA,NA,NA,dplyr,1.0.7,US,578
2021-10-31,18:42:29,3585433,4.1.0,x86_64,darwin17.0,caret,6.0-90,US,661
2021-10-31,18:42:28,1123421,4.1.0,x86_64,darwin17.0,pROC,1.18.0,US,661
2021-10-31,18:42:19,802033,NA,NA,NA,V8,3.4.2,GB,9
2021-10-31,18:42:18,37608,4.1.1,x86_64,mingw32,tmvnsim,1.0-2,ES,672
2021-10-31,18:42:19,194152,4.1.1,x86_64,mingw32,mnormt,2.0.2,ES,672
2021-10-31,18:42:19,4245296,4.1.1,x86_64,mingw32,psych,2.1.9,ES,672
2021-10-31,18:42:34,61983,4.1.1,x86_64,darwin17.0,abind,1.4-5,NA,8
2021-10-31,18:42:16,1795120,4.1.1,x86_64,mingw32,broom,0.7.9,ZA,444
2021-10-31,18:42:24,36260,3.5.2,x86_64,linux-gnu,textshaping,0.3.6,GB,9
2021-10-31,18:42:11,271908,NA,NA,NA,ggrepel,0.9.1,US,116
2021-10-31,18:42:20,12070,NA,NA,NA,RColorBrewer,1.1-2,US,330
2021-10-31,18:42:23,64302,NA,NA,NA,fracdiff,1.5-1,US,330
2021-10-31,18:42:24,8603,NA,NA,NA,ellipsis,0.3.2,HK,673
2021-10-31,18:42:17,270088,4.1.0,x86_64,mingw32,digest,0.6.28,NA,8
2021-10-31,18:42:20,1286715,4.1.1,x86_64,mingw32,haven,2.4.3,AR,316
2021-10-31,18:42:28,862979,NA,NA,NA,rlang,0.4.12,NA,8
2021-10-31,18:42:26,1098656,NA,NA,NA,pillar,1.6.4,HK,577
2021-10-31,18:40:05,1097605,NA,NA,NA,pillar,1.6.4,US,578
2021-10-31,18:40:05,8604,NA,NA,NA,ellipsis,0.3.2,US,475
2021-10-31,18:42:33,5899,NA,NA,NA,aws.ec2metadata,0.2.0,US,59
2021-10-31,18:40:05,852643,NA,NA,NA,dplyr,1.0.7,US,618
2021-10-31,18:40:06,112436,NA,NA,NA,dtplyr,1.1.0,US,452
2021-10-31,18:39:58,7290102,4.1.1,x86_64,darwin17.0,VGAM,1.1-5,US,474
2021-10-31,18:42:23,47260,4.1.1,x86_64,mingw32,highr,0.9,PT,668
2021-10-31,18:42:25,348006,4.1.1,x86_64,mingw32,htmltools,0.5.2,PT,668
2021-10-31,18:42:31,3026371,4.1.1,x86_64,darwin17.0,tidycensus,1.1,CA,354
2021-10-31,18:42:18,371838,3.5.2,x86_64,linux-gnu,devtools,2.4.2,GB,9
2021-10-31,18:42:28,5899,NA,NA,NA,aws.ec2metadata,0.2.0,US,59
2021-10-31,18:42:34,557031,NA,NA,NA,js,1.2,GB,9
2021-10-31,18:42:27,802033,NA,NA,NA,V8,3.4.2,GB,9
2021-10-31,18:42:31,1175893,4.1.1,x86_64,mingw32,crch,1.0-4,US,674
2021-10-31,18:42:24,290394,3.5.2,x86_64,linux-gnu,rgeos,0.5-8,GB,9
2021-10-31,18:42:24,856381,3.5.2,x86_64,linux-gnu,units,0.7-2,GB,9
2021-10-31,18:42:25,105541,4.1.0,x86_64,mingw32,backports,1.3.0,US,675
2021-10-31,18:42:25,76626,4.1.0,x86_64,mingw32,generics,0.1.1,US,675
2021-10-31,18:42:25,411944,4.1.0,x86_64,mingw32,htmlTable,2.3.0,US,675
2021-10-31,18:42:25,1707652,4.1.0,x86_64,mingw32,insight,0.14.5,US,675
2021-10-31,18:42:26,1042318,4.1.0,x86_64,mingw32,pillar,1.6.4,US,675
2021-10-31,18:42:26,155793,4.1.0,x86_64,mingw32,pkgload,1.2.3,US,675
2021-10-31,18:42:26,1201490,4.1.0,x86_64,mingw32,rlang,0.4.12,US,675
2021-10-31,18:42:26,208223,4.1.0,x86_64,mingw32,rvest,1.0.2,US,675
2021-10-31,18:42:27,2014961,4.1.0,x86_64,mingw32,systemfonts,1.0.3,US,675
2021-10-31,18:42:27,3000562,4.1.0,x86_64,mingw32,viridis,0.6.2,US,675
2021-10-31,18:42:28,381739,4.1.0,x86_64,mingw32,xfun,0.27,US,675
2021-10-31,18:42:30,564032,4.1.0,x86_64,mingw32,tzdb,0.2.0,US,675
2021-10-31,18:42:30,72473,4.1.0,x86_64,mingw32,uuid,1.0-2,US,675
2021-10-31,18:40:05,852643,NA,NA,NA,dplyr,1.0.7,US,611
2021-10-31,18:40:05,862188,NA,NA,NA,rlang,0.4.12,US,578
2021-10-31,18:40:06,852643,NA,NA,NA,dplyr,1.0.7,US,128
2021-10-31,18:42:27,526396,4.1.1,x86_64,mingw32,jquerylib,0.1.4,PT,668
2021-10-31,18:42:31,545044,4.1.1,x86_64,mingw32,jsonlite,1.7.2,PT,668
2021-10-31,18:42:30,864593,4.1.1,x86_64,mingw32,ModelMetrics,1.2.2.2,NA,8
2021-10-31,18:42:26,1825783,4.1.1,x86_64,mingw32,sp,1.4-5,NA,8
2021-10-31,18:41:52,1426023,4.1.1,x86_64,mingw32,tzdb,0.1.2,EC,89
2021-10-31,18:41:53,34395,4.1.1,x86_64,mingw32,uuid,0.1-4,EC,89
2021-10-31,18:41:53,381740,4.1.1,x86_64,mingw32,xfun,0.27,EC,89
2021-10-31,18:42:24,318385,4.1.1,x86_64,mingw32,tidytable,0.6.5,NA,8
2021-10-31,18:42:27,1718041,4.1.1,x86_64,mingw32,readxl,1.3.1,NA,8
2021-10-31,18:41:06,14523,NA,NA,NA,splancs,2.01-42,US,676
2021-10-31,18:40:05,862188,NA,NA,NA,rlang,0.4.12,US,457
2021-10-31,18:40:07,100139,NA,NA,NA,rjson,0.2.20,US,366
2021-10-31,18:42:32,3290795,4.1.0,x86_64,darwin17.0,fields,13.3,US,661
2021-10-31,18:40:05,100255,NA,NA,NA,lifecycle,1.0.1,US,452
2021-10-31,18:39:48,430722,4.1.1,x86_64,mingw32,tidyverse,1.3.1,CW,62
2021-10-31,18:42:21,785174,3.5.2,x86_64,linux-gnu,Hmisc,4.6-0,GB,9
2021-10-31,18:42:23,290394,3.5.2,x86_64,linux-gnu,rgeos,0.5-8,GB,9
2021-10-31,18:42:24,585240,NA,NA,NA,forecast,8.15,US,330
2021-10-31,18:42:26,3525030,4.1.1,x86_64,darwin17.0,mgcv,1.8-38,US,466
2021-10-31,18:41:51,371838,NA,NA,NA,devtools,2.4.2,GB,13
2021-10-31,18:42:19,290394,NA,NA,NA,rgeos,0.5-8,GB,9
2021-10-31,18:42:25,3524687,3.5.2,x86_64,linux-gnu,sf,1.0-3,GB,9
2021-10-31,18:42:26,65497,NA,NA,NA,caTools,1.18.2,CH,548
2021-10-31,18:41:02,266120,NA,NA,NA,magrittr,2.0.1,US,592
2021-10-31,18:40:05,862188,NA,NA,NA,rlang,0.4.12,US,475
2021-10-31,18:42:27,5237789,4.1.1,x86_64,mingw32,ade4,1.7-18,NA,8
2021-10-31,18:40:26,272406,NA,NA,NA,xml2,1.3.2,US,53
2021-10-31,18:42:28,136306,NA,NA,NA,stringr,1.4.0,HK,577
2021-10-31,18:42:18,154190,4.1.1,x86_64,darwin17.0,pkgload,1.2.3,NA,8
2021-10-31,18:42:25,3524687,3.5.2,x86_64,linux-gnu,sf,1.0-3,GB,9
2021-10-31,18:40:28,438463,4.1.1,x86_64,mingw32,callr,3.7.0,PE,88
2021-10-31,18:40:28,606718,4.1.1,x86_64,mingw32,fs,1.5.0,PE,88
2021-10-31,18:40:29,3661492,4.1.1,x86_64,mingw32,rmarkdown,2.11,PE,88
2021-10-31,18:39:37,395090,NA,NA,NA,memisc,0.96-6,US,582
2021-10-31,18:42:25,862988,NA,NA,NA,rlang,0.4.12,HK,577
2021-10-31,18:42:11,271901,NA,NA,NA,ggrepel,0.9.1,US,127
2021-10-31,18:42:20,2823525,NA,NA,NA,FactoMineR,2.4,US,143
2021-10-31,18:42:20,2823525,NA,NA,NA,FactoMineR,2.4,US,116
2021-10-31,18:40:05,783148,NA,NA,NA,vctrs,0.3.8,US,128
2021-10-31,18:42:27,165638,NA,NA,NA,digest,0.6.28,HK,577
2021-10-31,18:40:12,302265,NA,NA,NA,fansi,0.5.0,US,478
2021-10-31,18:40:57,490508,4.1.1,x86_64,darwin17.0,selectr,0.4-2,US,474
2021-10-31,18:40:56,333738,4.1.1,x86_64,darwin17.0,htmltools,0.5.2,US,311
2021-10-31,18:42:32,1513686,4.1.1,x86_64,mingw32,rJava,1.0-5,TW,677
2021-10-31,18:42:20,2823525,NA,NA,NA,FactoMineR,2.4,US,173
2021-10-31,18:42:20,2823532,NA,NA,NA,FactoMineR,2.4,US,127
2021-10-31,18:42:29,1202173,4.0.2,x86_64,darwin17.0,RcppGSL,0.3.10,US,678
2021-10-31,18:42:14,43692,4.1.1,x86_64,mingw32,base64enc,0.1-3,PT,668
2021-10-31,18:42:16,270088,4.1.1,x86_64,mingw32,digest,0.6.28,PT,668
2021-10-31,18:40:50,92519,4.1.1,x86_64,darwin17.0,gitcreds,0.1.1,US,311
2021-10-31,18:42:33,368873,NA,NA,NA,gtable,0.3.0,NA,8
2021-10-31,18:42:27,7030650,4.1.1,x86_64,darwin17.0,survival,3.2-13,US,466
2021-10-31,18:42:30,23462,NA,NA,NA,backports,1.3.0,NA,8
2021-10-31,18:42:33,165277,NA,NA,NA,generics,0.1.1,NA,8
2021-10-31,18:42:21,3524687,3.5.2,x86_64,linux-gnu,sf,1.0-3,GB,9
2021-10-31,18:42:32,207226,3.5.2,x86_64,darwin15.6.0,ps,1.3.2,US,300
2021-10-31,18:42:21,856381,3.5.2,x86_64,linux-gnu,units,0.7-2,GB,9
2021-10-31,18:42:25,110976,NA,NA,NA,rstudioapi,0.13,HK,577
2021-10-31,18:42:29,1262570,4.1.0,x86_64,darwin17.0,recipes,0.1.17,US,661
2021-10-31,18:42:18,183151,4.0.4,x86_64,mingw32,truncSP,1.2.2,NA,8
2021-10-31,18:42:27,998678,3.5.1,x86_64,mingw32,intervals,0.15.2,BE,605
2021-10-31,18:42:27,315003,3.5.1,x86_64,mingw32,irlba,2.3.3,BE,605
2021-10-31,18:42:27,231027,3.5.1,x86_64,mingw32,jpeg,0.1-8.1,BE,605
2021-10-31,18:42:27,1164746,3.5.1,x86_64,mingw32,jsonlite,1.6.1,BE,605
2021-10-31,18:42:28,114298,3.5.1,x86_64,mingw32,KernSmooth,2.23-16,BE,605
2021-10-31,18:42:28,1166206,3.5.1,x86_64,mingw32,lattice,0.20-41,BE,605
2021-10-31,18:42:28,171602,3.5.1,x86_64,mingw32,lazyeval,0.2.2,BE,605
2021-10-31,18:42:28,3251513,3.5.1,x86_64,mingw32,lexicon,1.2.1,BE,605
2021-10-31,18:42:29,5786577,3.5.1,x86_64,mingw32,lme4,1.1-23,BE,605
2021-10-31,18:42:30,1584290,3.5.1,x86_64,mingw32,lubridate,1.7.8,BE,605
2021-10-31,18:42:30,156265,3.5.1,x86_64,mingw32,magrittr,1.5,BE,605
2021-10-31,18:42:30,89816,3.5.1,x86_64,mingw32,mapproj,1.2.7,BE,605
2021-10-31,18:42:31,3695060,3.5.1,x86_64,mingw32,maps,3.3.0,BE,605
2021-10-31,18:42:31,2164717,3.5.1,x86_64,mingw32,maptools,0.9-9,BE,605
2021-10-31,18:42:32,190113,3.5.1,x86_64,mingw32,markdown,1.1,BE,605
2021-10-31,18:42:32,1175535,3.5.1,x86_64,mingw32,MASS,7.3-51.5,BE,605
2021-10-31,18:42:32,4475141,3.5.1,x86_64,mingw32,Matrix,1.2-18,BE,605
2021-10-31,18:42:33,1725731,3.5.1,x86_64,mingw32,matrixStats,0.56.0,BE,605
2021-10-31,18:42:34,37267,3.5.1,x86_64,mingw32,measurements,1.4.0,BE,605
2021-10-31,18:42:34,48586,3.5.1,x86_64,mingw32,mime,0.9,BE,605
2021-10-31,18:42:34,678271,3.5.1,x86_64,mingw32,minqa,1.2.4,BE,605
2021-10-31,18:42:34,118174,3.5.1,x86_64,mingw32,mnormt,1.5-6,BE,605
2021-10-31,18:42:24,785174,3.5.2,x86_64,linux-gnu,Hmisc,4.6-0,GB,9
2021-10-31,18:42:27,2870577,4.1.1,i386,mingw32,RcppEigen,0.3.3.9.1,ZA,444
2021-10-31,18:42:25,99541,NA,NA,NA,glue,1.4.2,HK,577
2021-10-31,18:42:33,1532702,4.1.1,x86_64,mingw32,pROC,1.18.0,NA,8
2021-10-31,18:42:35,107346,4.1.1,x86_64,mingw32,listenv,0.8.0,NA,8
2021-10-31,18:42:33,428115,4.1.0,x86_64,darwin17.0,ragg,1.2.0,US,661
2021-10-31,18:42:26,2612435,4.0.2,x86_64,darwin17.0,arules,1.6-8,US,679
2021-10-31,18:42:24,266317,NA,NA,NA,magrittr,2.0.1,MZ,25
2021-10-31,18:40:30,40241,4.1.1,x86_64,mingw32,crayon,1.4.2,US,507
2021-10-31,18:40:30,482602,4.1.1,x86_64,mingw32,cli,3.1.0,US,507
2021-10-31,18:42:26,302440,NA,NA,NA,fansi,0.5.0,HK,577
2021-10-31,18:42:26,2171803,4.1.1,x86_64,mingw32,maptools,1.1-2,NL,680
2021-10-31,18:40:05,1097605,NA,NA,NA,pillar,1.6.4,US,455
2021-10-31,18:40:08,54087,NA,NA,NA,minqa,1.2.4,US,400
2021-10-31,18:42:28,6484,NA,NA,NA,praise,1.0.0,HK,577
2021-10-31,18:42:25,290394,NA,NA,NA,rgeos,0.5-8,GB,9
2021-10-31,18:42:27,6460,NA,NA,NA,pkgconfig,2.0.3,HK,577
2021-10-31,18:42:30,1847875,4.1.0,x86_64,darwin17.0,conquer,1.2.0,US,661
2021-10-31,18:40:49,36679,NA,NA,NA,quadprog,1.5-8,US,140
2021-10-31,18:42:27,290394,NA,NA,NA,rgeos,0.5-8,GB,13
2021-10-31,18:42:06,120209,3.6.1,x86_64,linux-gnu,ps,1.6.0,US,138
2021-10-31,18:42:31,76963,4.0.4,x86_64,mingw32,evaluate,0.14,NA,8
2021-10-31,18:42:33,47118,4.0.4,x86_64,mingw32,highr,0.9,NA,8
2021-10-31,18:42:33,552073,3.5.2,x86_64,darwin15.6.0,bit64,0.9-7,US,300
2021-10-31,18:42:25,1244937,4.1.1,x86_64,mingw32,nloptr,1.2.2.2,ZA,444
2021-10-31,18:42:21,427738,3.5.2,x86_64,linux-gnu,ragg,1.2.0,GB,9
2021-10-31,18:42:31,740233,NA,NA,NA,tibble,3.1.5,NA,8
2021-10-31,18:42:33,93643,3.5.2,x86_64,darwin15.6.0,rappdirs,0.3.1,US,300
2021-10-31,18:42:25,296317,NA,NA,NA,desc,1.4.0,HK,577
2021-10-31,18:42:35,99542,NA,NA,NA,glue,1.4.2,NA,8
2021-10-31,18:42:18,36260,3.5.2,x86_64,linux-gnu,textshaping,0.3.6,GB,9
2021-10-31,18:42:17,371838,3.5.2,x86_64,linux-gnu,devtools,2.4.2,GB,9
2021-10-31,18:41:29,430721,4.1.1,x86_64,mingw32,tidyverse,1.3.1,GT,24
2021-10-31,18:39:49,3661491,4.1.1,x86_64,mingw32,rmarkdown,2.11,EC,89
2021-10-31,18:42:35,375851,NA,NA,NA,purrr,0.3.4,NA,8
2021-10-31,18:42:33,60037,4.1.0,x86_64,darwin17.0,microbenchmark,1.4.8,US,661
2021-10-31,18:42:30,1753198,4.1.0,x86_64,mingw32,farver,2.1.0,NA,8
2021-10-31,18:42:31,63214,4.1.0,x86_64,mingw32,labeling,0.4.2,NA,8
2021-10-31,18:42:31,245896,4.1.0,x86_64,mingw32,munsell,0.5.0,NA,8
2021-10-31,18:42:31,56242,4.1.0,x86_64,mingw32,RColorBrewer,1.1-2,NA,8
2021-10-31,18:42:31,1300029,4.1.0,x86_64,mingw32,viridisLite,0.4.0,NA,8
2021-10-31,18:42:31,558585,4.1.0,x86_64,mingw32,scales,1.1.1,NA,8
2021-10-31,18:42:37,4130395,4.1.0,x86_64,mingw32,ggplot2,3.3.5,NA,8
2021-10-31,18:42:36,2199351,NA,NA,NA,colorspace,2.0-2,NA,8
2021-10-31,18:42:31,258962,NA,NA,NA,forcats,0.5.1,NA,8
2021-10-31,18:42:23,2894941,4.1.1,x86_64,mingw32,corrplot,0.90,ZA,444
2021-10-31,18:42:25,116743,4.1.1,x86_64,mingw32,numDeriv,2016.8-1.1,ZA,444
2021-10-31,18:42:27,1470349,4.1.1,x86_64,mingw32,knitr,1.36,ZA,444
2021-10-31,18:40:30,546312,4.1.1,x86_64,darwin17.0,fs,1.5.0,US,474
2021-10-31,18:42:28,5899,NA,NA,NA,aws.ec2metadata,0.2.0,US,59
2021-10-31,18:42:28,93154,NA,NA,NA,yaml,2.2.1,HK,577
2021-10-31,18:42:02,4256119,3.6.0,i386,mingw32,XML,3.99-0.3,CL,681
2021-10-31,18:42:07,42147599,3.6.0,i386,mingw32,rgdal,1.5-23,CL,681
2021-10-31,18:42:08,37143,3.6.0,i386,mingw32,tkrplot,0.0-25,CL,681
2021-10-31,18:42:11,4251030,3.6.0,i386,mingw32,curl,4.3.1,CL,681
2021-10-31,18:42:27,61704,NA,NA,NA,pkgload,1.2.3,HK,577
2021-10-31,18:42:22,427738,3.5.2,x86_64,linux-gnu,ragg,1.2.0,GB,9
2021-10-31,18:42:23,3063851,3.5.2,x86_64,linux-gnu,ggplot2,3.3.5,GB,9
2021-10-31,18:42:24,427738,3.5.2,x86_64,linux-gnu,ragg,1.2.0,GB,9
2021-10-31,18:42:27,3524687,NA,NA,NA,sf,1.0-3,GB,9
2021-10-31,18:42:30,155443,4.1.0,x86_64,darwin17.0,crayon,1.4.2,US,661
2021-10-31,18:42:21,2953914,4.1.1,x86_64,darwin17.0,testthat,3.1.0,NA,8
2021-10-31,18:40:14,94823,NA,NA,NA,withr,2.4.2,US,478
2021-10-31,18:40:11,12067,NA,NA,NA,RColorBrewer,1.1-2,US,478
2021-10-31,18:40:13,99589,NA,NA,NA,glue,1.4.2,US,478
2021-10-31,18:42:27,119438,NA,NA,NA,xfun,0.27,HK,577
2021-10-31,18:40:05,8604,NA,NA,NA,ellipsis,0.3.2,US,578
2021-10-31,18:42:33,5899,NA,NA,NA,aws.ec2metadata,0.2.0,US,59
2021-10-31,18:41:27,8511275,4.1.1,x86_64,darwin17.0,igraph,1.2.7,NA,8
2021-10-31,18:42:31,146584,4.0.3,x86_64,mingw32,foreach,1.5.1,PL,642
2021-10-31,18:42:33,2870587,4.1.1,x86_64,mingw32,RcppEigen,0.3.3.9.1,ZA,444
2021-10-31,18:42:07,141963,3.6.1,x86_64,linux-gnu,processx,3.5.2,US,287
2021-10-31,18:42:11,271901,NA,NA,NA,ggrepel,0.9.1,US,100
2021-10-31,18:42:27,3524687,NA,NA,NA,sf,1.0-3,GB,13
2021-10-31,18:42:26,423298,4.1.0,x86_64,darwin17.0,prodlim,2019.11.13,US,661
2021-10-31,18:40:05,63191,3.5.3,x86_64,linux-gnu,IRkernel,1.2,US,562
2021-10-31,18:41:29,983220,4.1.1,x86_64,darwin17.0,igraphdata,1.0.1,NA,8
2021-10-31,18:42:29,6461,NA,NA,NA,pkgconfig,2.0.3,NA,8
2021-10-31,18:39:47,2994357,4.1.0,x86_64,mingw32,lava,1.6.10,US,682
2021-10-31,18:39:48,123870,4.1.0,x86_64,mingw32,lifecycle,1.0.1,US,682
2021-10-31,18:39:48,1716686,4.1.0,x86_64,mingw32,lubridate,1.8.0,US,682
2021-10-31,18:39:48,48629,4.1.0,x86_64,mingw32,mime,0.12,US,682
2021-10-31,18:39:48,4102480,4.1.0,x86_64,mingw32,openssl,1.4.5,US,682
2021-10-31,18:39:49,1042318,4.1.0,x86_64,mingw32,pillar,1.6.4,US,682
2021-10-31,18:39:49,155794,4.1.0,x86_64,mingw32,pkgload,1.2.3,US,682
2021-10-31,18:39:49,1532705,4.1.0,x86_64,mingw32,pROC,1.18.0,US,682
2021-10-31,18:39:49,4245297,4.1.0,x86_64,mingw32,psych,2.1.9,US,682
2021-10-31,18:42:31,97771,4.1.0,x86_64,darwin17.0,minidown,0.3.0,US,661
2021-10-31,18:42:19,851630,3.5.2,x86_64,linux-gnu,pkgdown,1.6.1,GB,9
2021-10-31,18:42:30,2645710,4.1.0,x86_64,mingw32,colorspace,2.0-2,NA,8
2021-10-31,18:42:34,83010,4.0.2,x86_64,darwin17.0,outliers,0.14,US,678
2021-10-31,18:40:17,81590,NA,NA,NA,markdown,1.1,US,493
2021-10-31,18:42:03,271911,NA,NA,NA,ggrepel,0.9.1,US,396
2021-10-31,18:41:58,427738,3.5.2,x86_64,linux-gnu,ragg,1.2.0,GB,9
2021-10-31,18:42:29,744339,NA,NA,NA,DBI,1.1.1,US,271
2021-10-31,18:40:18,709623,NA,NA,NA,tidyr,1.1.4,US,493
2021-10-31,18:40:13,793886,NA,NA,NA,curl,4.3.2,US,478
2021-10-31,18:42:27,12453,NA,NA,NA,brio,1.1.2,HK,577
2021-10-31,18:42:38,160497,NA,NA,NA,httr,1.4.2,NA,8
2021-10-31,18:41:28,213519,4.1.1,x86_64,mingw32,withr,2.4.2,GB,587
2021-10-31,18:42:35,8804005,4.0.2,x86_64,darwin17.0,TH.data,1.1-0,MO,683
2021-10-31,18:42:31,290394,NA,NA,NA,rgeos,0.5-8,GB,13
2021-10-31,18:42:32,557031,NA,NA,NA,js,1.2,GB,9
2021-10-31,18:42:34,802033,NA,NA,NA,V8,3.4.2,GB,13
2021-10-31,18:42:29,168469,4.1.1,x86_64,darwin17.0,reshape,0.8.8,US,634
2021-10-31,18:41:02,401732,NA,NA,NA,plyr,1.8.6,US,592
2021-10-31,18:42:23,214262,4.0.5,x86_64,mingw32,RcmdrMisc,2.7-1,ES,646
2021-10-31,18:42:24,887059,4.0.5,x86_64,mingw32,tables,0.9.6,ES,646
2021-10-31,18:42:38,946736,4.1.1,x86_64,darwin17.0,nloptr,1.2.2.2,NA,8
2021-10-31,18:42:33,14525,NA,NA,NA,shinypanel,0.1.4,US,684
2021-10-31,18:40:11,1267621,NA,NA,NA,viridisLite,0.4.0,US,478
2021-10-31,18:42:32,2320560,4.1.1,x86_64,mingw32,promises,1.2.0.1,ZA,444
2021-10-31,18:42:33,64284,4.1.1,x86_64,mingw32,abind,1.4-5,ZA,444
2021-10-31,18:42:35,27988,3.5.2,x86_64,darwin15.6.0,uuid,0.1-4,US,300
2021-10-31,18:42:37,393508,3.5.2,x86_64,darwin15.6.0,cli,2.0.2,US,300
2021-10-31,18:42:26,2727297,4.1.0,x86_64,mingw32,isoband,0.2.5,NA,8
2021-10-31,18:39:43,107349,4.1.0,x86_64,mingw32,listenv,0.8.0,US,682
2021-10-31,18:39:43,276817,4.1.0,x86_64,mingw32,parallelly,1.28.1,US,682
2021-10-31,18:39:43,245955,4.1.0,x86_64,mingw32,proxy,0.4-26,US,682
2021-10-31,18:39:44,96057,4.1.0,x86_64,mingw32,globals,0.14.0,US,682
2021-10-31,18:39:44,1023958,4.1.0,x86_64,mingw32,e1071,1.7-9,US,682
2021-10-31,18:39:44,155977,4.1.0,x86_64,mingw32,future.apply,1.8.1,US,682
2021-10-31,18:39:44,261734,4.1.0,x86_64,mingw32,progressr,0.9.0,US,682
2021-10-31,18:39:44,105542,4.1.0,x86_64,mingw32,backports,1.3.0,US,682
2021-10-31,18:39:44,3590733,4.1.0,x86_64,mingw32,caret,6.0-90,US,682
2021-10-31,18:39:45,327863,4.1.0,x86_64,mingw32,cpp11,0.4.0,US,682
2021-10-31,18:39:45,2600622,4.1.0,x86_64,mingw32,data.table,1.14.2,US,682
2021-10-31,18:39:45,537113,4.1.0,x86_64,mingw32,desc,1.4.0,US,682
2021-10-31,18:39:45,994011,4.1.0,x86_64,mingw32,diffobj,0.3.5,US,682
2021-10-31,18:39:46,270087,4.1.0,x86_64,mingw32,digest,0.6.28,US,682
2021-10-31,18:39:46,76626,4.1.0,x86_64,mingw32,generics,0.1.1,US,682
2021-10-31,18:39:46,3280176,4.1.0,x86_64,mingw32,Hmisc,4.6-0,US,682
2021-10-31,18:39:46,104806,4.1.0,x86_64,mingw32,hms,1.1.1,US,682
2021-10-31,18:39:46,411948,4.1.0,x86_64,mingw32,htmlTable,2.3.0,US,682
2021-10-31,18:39:47,905813,4.1.0,x86_64,mingw32,htmlwidgets,1.5.4,US,682
2021-10-31,18:39:47,401429,4.1.0,x86_64,mingw32,ipred,0.9-12,US,682
2021-10-31,18:39:47,1470349,4.1.0,x86_64,mingw32,knitr,1.36,US,682
2021-10-31,18:42:32,3063851,NA,NA,NA,ggplot2,3.3.5,GB,13
2021-10-31,18:42:30,1822350,4.1.1,x86_64,darwin17.0,carData,3.0-4,NA,8
2021-10-31,18:42:33,163486,3.5.2,x86_64,darwin15.6.0,fastmap,1.0.1,US,300
2021-10-31,18:42:24,290394,3.5.2,x86_64,linux-gnu,rgeos,0.5-8,GB,9
2021-10-31,18:42:33,351194,4.1.0,x86_64,darwin17.0,future,1.23.0,US,661
2021-10-31,18:42:35,2897334,4.1.1,x86_64,darwin17.0,corrplot,0.90,US,685
2021-10-31,18:42:26,3524687,NA,NA,NA,sf,1.0-3,GB,9
2021-10-31,18:42:26,2992757,4.1.0,x86_64,darwin17.0,lava,1.6.10,US,661
2021-10-31,18:42:08,564021,3.6.1,x86_64,linux-gnu,tzdb,0.2.0,US,686
2021-10-31,18:42:37,2568909,NA,NA,NA,rgl,0.107.14,GB,13
2021-10-31,18:42:36,627352,4.0.2,x86_64,mingw32,RWeka,0.4-43,US,190
2021-10-31,18:42:19,557031,NA,NA,NA,js,1.2,GB,9
2021-10-31,18:42:22,856381,3.5.2,x86_64,linux-gnu,units,0.7-2,GB,9
2021-10-31,18:42:35,740829,3.5.2,x86_64,darwin15.6.0,curl,4.3,US,300
2021-10-31,18:42:10,34255,3.6.1,x86_64,linux-gnu,waldo,0.3.1,US,687
2021-10-31,18:40:32,311169,4.1.1,x86_64,darwin17.0,commonmark,1.7,US,474
2021-10-31,18:42:33,9486223,4.1.1,x86_64,mingw32,xlsxjars,0.6.1,TW,677
2021-10-31,18:42:34,375749,4.1.1,x86_64,mingw32,xlsx,0.6.5,TW,677
2021-10-31,18:42:20,2823525,NA,NA,NA,FactoMineR,2.4,US,80
2021-10-31,18:42:37,342666,4.1.1,x86_64,darwin17.0,minqa,1.2.4,NA,8
2021-10-31,18:42:24,36260,3.5.2,x86_64,linux-gnu,textshaping,0.3.6,GB,9
2021-10-31,18:42:25,3063851,3.5.2,x86_64,linux-gnu,ggplot2,3.3.5,GB,9
2021-10-31,18:42:27,371838,NA,NA,NA,devtools,2.4.2,GB,13
2021-10-31,18:42:24,427738,3.5.2,x86_64,linux-gnu,ragg,1.2.0,GB,9
2021-10-31,18:42:31,258292,4.1.1,x86_64,linux-gnu,workflowsets,0.1.0,NA,8
2021-10-31,18:42:25,1159156,4.1.1,x86_64,darwin17.0,lattice,0.20-45,US,466
2021-10-31,18:40:15,350991,4.2.0,x86_64,darwin17.0,future,1.23.0,US,514
2021-10-31,18:40:12,1097605,NA,NA,NA,pillar,1.6.4,US,478
2021-10-31,18:42:31,2874,NA,NA,NA,CompLognormal,3.0,CN,688
2021-10-31,18:42:36,110894,4.0.2,x86_64,darwin17.0,itertools,0.1-3,US,678
2021-10-31,18:40:15,52826,4.1.1,x86_64,darwin17.0,assertthat,0.2.1,US,474
2021-10-31,18:40:12,4948933,NA,NA,NA,data.table,1.12.8,US,502
2021-10-31,18:40:15,227592,NA,NA,NA,lmtest,0.9-38,US,478
2021-10-31,18:40:06,672275,4.1.1,x86_64,darwin17.0,DBI,1.1.1,US,474
2021-10-31,18:40:09,54087,NA,NA,NA,minqa,1.2.4,US,407
2021-10-31,18:40:11,63957,NA,NA,NA,R6,2.5.1,US,478
2021-10-31,18:42:24,427738,3.5.2,x86_64,linux-gnu,ragg,1.2.0,GB,9
2021-10-31,18:42:39,225139,4.0.2,x86_64,darwin17.0,exactci,1.4-2,MO,683
2021-10-31,18:42:19,371838,3.5.2,x86_64,linux-gnu,devtools,2.4.2,GB,9
2021-10-31,18:42:24,856381,3.5.2,x86_64,linux-gnu,units,0.7-2,GB,9
2021-10-31,18:42:34,171743,4.1.0,x86_64,darwin17.0,sessioninfo,1.2.0,US,661
2021-10-31,18:40:05,100255,NA,NA,NA,lifecycle,1.0.1,US,618
2021-10-31,18:40:14,863726,4.1.1,x86_64,darwin17.0,curl,4.3.2,US,474
2021-10-31,18:42:32,802033,NA,NA,NA,V8,3.4.2,GB,9
2021-10-31,18:42:31,943899,4.1.1,x86_64,mingw32,xts,0.12.1,IN,114
2021-10-31,18:42:24,785174,3.5.2,x86_64,linux-gnu,Hmisc,4.6-0,GB,9
2021-10-31,18:42:24,371838,NA,NA,NA,devtools,2.4.2,GB,9
2021-10-31,18:42:08,318102,3.6.1,x86_64,linux-gnu,cpp11,0.4.0,US,689
2021-10-31,18:42:03,271911,NA,NA,NA,ggrepel,0.9.1,US,396
2021-10-31,18:40:15,170882,NA,NA,NA,tseries,0.10-48,US,478
2021-10-31,18:40:16,36910,4.1.1,x86_64,darwin17.0,ellipsis,0.3.2,US,474
2021-10-31,18:42:24,36260,3.5.2,x86_64,linux-gnu,textshaping,0.3.6,GB,9
2021-10-31,18:42:24,371838,NA,NA,NA,devtools,2.4.2,GB,9
2021-10-31,18:40:34,209873,4.1.1,x86_64,darwin17.0,withr,2.4.2,US,474
2021-10-31,18:40:13,3212909,3.5.3,x86_64,linux-gnu,rmarkdown,2.11,US,562
2021-10-31,18:42:39,92907,4.1.1,x86_64,darwin17.0,backports,1.3.0,NA,8
2021-10-31,18:42:29,40243,4.1.1,i386,mingw32,crayon,1.4.2,AT,666
2021-10-31,18:42:26,60432,4.1.1,x86_64,mingw32,sys,3.4,IN,147
2021-10-31,18:42:27,638305,4.1.1,x86_64,mingw32,bit,4.0.4,IN,147
2021-10-31,18:42:28,776250,4.1.1,x86_64,mingw32,ps,1.6.0,IN,147
2021-10-31,18:42:29,43691,4.1.1,x86_64,mingw32,base64enc,0.1-3,IN,147
2021-10-31,18:42:30,216030,4.1.1,x86_64,mingw32,fastmap,1.1.0,IN,147
2021-10-31,18:42:31,59396,4.1.1,x86_64,mingw32,rappdirs,0.3.3,IN,147
2021-10-31,18:42:31,16773,4.1.1,x86_64,mingw32,rematch,1.0.1,IN,147
2021-10-31,18:42:31,1753188,4.1.1,x86_64,mingw32,farver,2.1.0,IN,147
2021-10-31,18:42:23,2568909,NA,NA,NA,rgl,0.107.14,GB,13
2021-10-31,18:40:17,266120,NA,NA,NA,magrittr,2.0.1,US,493
2021-10-31,18:41:32,35780,4.0.4,x86_64,mingw32,pwr2,1.0,CA,690
2021-10-31,18:40:11,183193,NA,NA,NA,munsell,0.5.0,US,478
2021-10-31,18:40:15,294413,NA,NA,NA,AzureContainers,1.3.2,US,232
2021-10-31,18:42:40,965867,4.1.1,x86_64,darwin17.0,tidyr,1.1.4,NA,8
2021-10-31,18:42:39,152960,3.5.2,x86_64,darwin15.6.0,magrittr,1.5,US,300
2021-10-31,18:42:34,2782636,4.1.0,x86_64,darwin17.0,sigminer,2.1.1,US,661
2021-10-31,18:42:38,4857319,4.1.1,x86_64,darwin17.0,RcppEigen,0.3.3.9.1,NA,8
2021-10-31,18:40:11,203631,4.1.1,x86_64,darwin17.0,yaml,2.2.1,US,474
2021-10-31,18:42:36,862987,NA,NA,NA,rlang,0.4.12,NA,8
2021-10-31,18:42:36,63870,NA,NA,NA,R6,2.5.1,NA,8
2021-10-31,18:40:06,19087,3.5.3,x86_64,linux-gnu,automap,1.0-14,US,380
2021-10-31,18:42:31,2620432,NA,NA,NA,plot3D,1.4,MZ,25
2021-10-31,18:42:33,42971,NA,NA,NA,MixtureRegLTIC,1.0.0,US,103
2021-10-31,18:42:26,740223,NA,NA,NA,tibble,3.1.5,HK,577
2021-10-31,18:42:30,203828,4.1.1,x86_64,mingw32,modelr,0.1.8,AR,316
2021-10-31,18:42:34,3263567,4.1.1,x86_64,mingw32,Rcpp,1.0.7,AR,316
2021-10-31,18:42:34,1718051,4.1.1,x86_64,mingw32,readxl,1.3.1,AR,316
2021-10-31,18:40:13,1672450,NA,NA,NA,isoband,0.2.5,US,478
2021-10-31,18:42:36,208345,4.0.4,x86_64,mingw32,yaml,2.2.1,NA,8
2021-10-31,18:42:38,358483,4.0.4,x86_64,mingw32,xfun,0.26,NA,8
2021-10-31,18:42:31,1286717,4.0.2,x86_64,mingw32,haven,2.4.3,BF,233
2021-10-31,18:42:33,4323071,4.0.2,x86_64,mingw32,curl,4.3.2,BF,233
2021-10-31,18:40:11,240868,NA,NA,NA,utf8,1.2.2,US,478
2021-10-31,18:42:36,5899,NA,NA,NA,aws.ec2metadata,0.2.0,US,59
2021-10-31,18:42:33,3063851,NA,NA,NA,ggplot2,3.3.5,GB,9
2021-10-31,18:42:41,853425,NA,NA,NA,dplyr,1.0.7,NA,8
2021-10-31,18:42:25,3063851,3.5.2,x86_64,linux-gnu,ggplot2,3.3.5,GB,9
2021-10-31,18:42:40,1288167,NA,NA,NA,mlpack,3.4.2.1,US,103
2021-10-31,18:42:38,6286640,3.5.2,x86_64,darwin15.6.0,dplyr,0.8.5,US,300
2021-10-31,18:42:37,8450,NA,NA,NA,ellipsis,0.3.2,NA,8
2021-10-31,18:41:59,371838,3.5.2,x86_64,linux-gnu,devtools,2.4.2,GB,9
2021-10-31,18:42:35,276814,4.1.1,x86_64,mingw32,parallelly,1.28.1,NA,8
2021-10-31,18:42:36,96054,4.1.1,x86_64,mingw32,globals,0.14.0,NA,8
2021-10-31,18:42:36,155974,4.1.1,x86_64,mingw32,future.apply,1.8.1,NA,8
2021-10-31,18:42:36,261733,4.1.1,x86_64,mingw32,progressr,0.9.0,NA,8
2021-10-31,18:42:36,116732,4.1.1,x86_64,mingw32,numDeriv,2016.8-1.1,NA,8
2021-10-31,18:42:36,183685,4.1.1,x86_64,mingw32,SQUAREM,2021.1,NA,8
2021-10-31,18:42:37,2994354,4.1.1,x86_64,mingw32,lava,1.6.10,NA,8
2021-10-31,18:42:37,421894,4.1.1,x86_64,mingw32,prodlim,2019.11.13,NA,8
2021-10-31,18:42:37,298752,4.1.1,x86_64,mingw32,gower,0.2.2,NA,8
2021-10-31,18:42:37,401426,4.1.1,x86_64,mingw32,ipred,0.9-12,NA,8
2021-10-31,18:42:37,1284988,4.1.1,x86_64,mingw32,recipes,0.1.17,NA,8
2021-10-31,18:42:39,350768,4.1.1,x86_64,mingw32,future,1.23.0,NA,8
2021-10-31,18:42:39,36260,3.5.2,x86_64,linux-gnu,textshaping,0.3.6,GB,9
2021-10-31,18:42:38,802033,NA,NA,NA,V8,3.4.2,GB,9
2021-10-31,18:42:28,897501,NA,NA,NA,knitr,1.36,HK,577
2021-10-31,18:42:34,557031,NA,NA,NA,js,1.2,GB,13
2021-10-31,18:42:04,3524687,NA,NA,NA,sf,1.0-3,GB,13
2021-10-31,18:42:30,371838,NA,NA,NA,devtools,2.4.2,GB,13
2021-10-31,18:40:13,862196,NA,NA,NA,rlang,0.4.12,US,478
2021-10-31,18:40:14,527251,4.1.1,x86_64,darwin17.0,TTR,0.24.2,US,474
2021-10-31,18:40:16,1415142,4.1.1,x86_64,darwin17.0,vctrs,0.3.8,US,474
2021-10-31,18:40:16,585243,NA,NA,NA,forecast,8.15,US,478
2021-10-31,18:42:37,2690451,3.5.2,x86_64,darwin15.6.0,openssl,1.4.1,US,300
2021-10-31,18:42:09,165613,3.6.1,x86_64,linux-gnu,digest,0.6.28,US,686
2021-10-31,18:39:09,210423,4.1.1,x86_64,mingw32,utf8,1.2.2,US,555
2021-10-31,18:39:09,1254558,4.1.1,x86_64,mingw32,vctrs,0.3.8,US,555
2021-10-31,18:39:09,23060,4.1.1,x86_64,mingw32,pkgconfig,2.0.3,US,555
2021-10-31,18:39:09,1042318,4.1.1,x86_64,mingw32,pillar,1.6.4,US,555
2021-10-31,18:39:09,236424,4.1.1,x86_64,mingw32,magrittr,2.0.1,US,555
2021-10-31,18:39:09,123870,4.1.1,x86_64,mingw32,lifecycle,1.0.1,US,555
2021-10-31,18:39:09,49738,4.1.1,x86_64,mingw32,ellipsis,0.3.2,US,555
2021-10-31,18:39:09,871726,4.1.1,x86_64,mingw32,tibble,3.1.5,US,555
2021-10-31,18:39:09,1201494,4.1.1,x86_64,mingw32,rlang,0.4.12,US,555
2021-10-31,18:39:09,48128,4.1.1,x86_64,mingw32,rematch2,2.1.2,US,555
2021-10-31,18:39:09,156222,4.1.1,x86_64,mingw32,glue,1.4.2,US,555
2021-10-31,18:39:10,249328,4.1.1,x86_64,mingw32,fansi,0.5.0,US,555
2021-10-31,18:39:10,994011,4.1.1,x86_64,mingw32,diffobj,0.3.5,US,555
2021-10-31,18:39:10,84770,4.1.1,x86_64,mingw32,R6,2.5.1,US,555
2021-10-31,18:39:10,776250,4.1.1,x86_64,mingw32,ps,1.6.0,US,555
2021-10-31,18:39:10,213518,4.1.1,x86_64,mingw32,withr,2.4.2,US,555
2021-10-31,18:39:10,303633,4.1.1,x86_64,mingw32,rstudioapi,0.13,US,555
2021-10-31,18:39:10,105726,4.1.1,x86_64,mingw32,rprojroot,2.0.2,US,555
2021-10-31,18:39:10,537113,4.1.1,x86_64,mingw32,desc,1.4.0,US,555
2021-10-31,18:39:10,1247249,4.1.1,x86_64,mingw32,processx,3.5.2,US,555
2021-10-31,18:39:10,216030,4.1.1,x86_64,mingw32,fastmap,1.1.0,US,555
2021-10-31,18:39:10,43691,4.1.1,x86_64,mingw32,base64enc,0.1-3,US,555
2021-10-31,18:39:10,270087,4.1.1,x86_64,mingw32,digest,0.6.28,US,555
2021-10-31,18:39:10,348016,4.1.1,x86_64,mingw32,htmltools,0.5.2,US,555
2021-10-31,18:39:10,381740,4.1.1,x86_64,mingw32,xfun,0.27,US,555
2021-10-31,18:39:10,16449891,4.1.1,x86_64,mingw32,stringi,1.7.5,US,555
2021-10-31,18:39:10,208415,4.1.1,x86_64,mingw32,yaml,2.2.1,US,555
2021-10-31,18:39:10,217184,4.1.1,x86_64,mingw32,stringr,1.4.0,US,555
2021-10-31,18:39:10,47270,4.1.1,x86_64,mingw32,highr,0.9,US,555
2021-10-31,18:39:10,77377,4.1.1,x86_64,mingw32,evaluate,0.14,US,555
2021-10-31,18:39:10,60429,4.1.1,x86_64,mingw32,sys,3.4,US,555
2021-10-31,18:39:10,244190,4.1.1,x86_64,mingw32,askpass,1.1,US,555
2021-10-31,18:39:10,4102480,4.1.1,x86_64,mingw32,openssl,1.4.5,US,555
2021-10-31,18:39:11,48626,4.1.1,x86_64,mingw32,mime,0.12,US,555
2021-10-31,18:39:11,545054,4.1.1,x86_64,mingw32,jsonlite,1.7.2,US,555
2021-10-31,18:39:11,4322989,4.1.1,x86_64,mingw32,curl,4.3.2,US,555
2021-10-31,18:39:11,173422,4.1.1,x86_64,mingw32,lazyeval,0.2.2,US,555
2021-10-31,18:39:11,2645711,4.1.1,x86_64,mingw32,colorspace,2.0-2,US,555
2021-10-31,18:39:11,1300029,4.1.1,x86_64,mingw32,viridisLite,0.4.0,US,555
2021-10-31,18:39:11,56242,4.1.1,x86_64,mingw32,RColorBrewer,1.1-2,US,555
2021-10-31,18:39:11,245896,4.1.1,x86_64,mingw32,munsell,0.5.0,US,555
2021-10-31,18:39:11,63214,4.1.1,x86_64,mingw32,labeling,0.4.2,US,555
2021-10-31,18:39:11,1753198,4.1.1,x86_64,mingw32,farver,2.1.0,US,555
2021-10-31,18:39:11,96994,4.1.1,x86_64,mingw32,waldo,0.3.1,US,555
2021-10-31,18:39:11,20341,4.1.1,x86_64,mingw32,praise,1.0.0,US,555
2021-10-31,18:39:11,155794,4.1.1,x86_64,mingw32,pkgload,1.2.3,US,555
2021-10-31,18:39:11,438466,4.1.1,x86_64,mingw32,callr,3.7.0,US,555
2021-10-31,18:39:11,46816,4.1.1,x86_64,mingw32,brio,1.1.2,US,555
2021-10-31,18:39:11,526395,4.1.1,x86_64,mingw32,jquerylib,0.1.4,US,555
2021-10-31,18:39:11,124480,4.1.1,x86_64,mingw32,tinytex,0.34,US,555
2021-10-31,18:39:11,1470349,4.1.1,x86_64,mingw32,knitr,1.36,US,555
2021-10-31,18:39:11,276814,4.1.1,x86_64,mingw32,parallelly,1.28.1,US,555
2021-10-31,18:39:11,107346,4.1.1,x86_64,mingw32,listenv,0.8.0,US,555
2021-10-31,18:39:11,96054,4.1.1,x86_64,mingw32,globals,0.14.0,US,555
2021-10-31,18:39:11,519661,4.1.1,x86_64,mingw32,httr,1.4.2,US,555
2021-10-31,18:39:12,125978,4.1.1,x86_64,mingw32,rex,1.2.0,US,555
2021-10-31,18:39:12,3263564,4.1.1,x86_64,mingw32,Rcpp,1.0.7,US,555
2021-10-31,18:39:12,116742,4.1.1,x86_64,mingw32,numDeriv,2016.8-1.1,US,555
2021-10-31,18:39:12,327863,4.1.1,x86_64,mingw32,cpp11,0.4.0,US,555
2021-10-31,18:39:12,76626,4.1.1,x86_64,mingw32,generics,0.1.1,US,555
2021-10-31,18:39:12,558585,4.1.1,x86_64,mingw32,scales,1.1.1,US,555
2021-10-31,18:39:12,2727297,4.1.1,x86_64,mingw32,isoband,0.2.5,US,555
2021-10-31,18:39:12,434914,4.1.1,x86_64,mingw32,gtable,0.3.0,US,555
2021-10-31,18:39:12,2539383,4.1.1,x86_64,mingw32,testthat,3.1.0,US,555
2021-10-31,18:39:12,3661491,4.1.1,x86_64,mingw32,rmarkdown,2.11,US,555
2021-10-31,18:39:12,306270,4.1.1,x86_64,mingw32,covr,3.5.1,US,555
2021-10-31,18:39:12,1322377,4.1.1,x86_64,mingw32,RcppGSL,0.3.10,US,555
2021-10-31,18:39:12,2705511,4.1.1,x86_64,mingw32,RcppArmadillo,0.10.7.0.0,US,555
2021-10-31,18:39:13,843441,4.1.1,x86_64,mingw32,optimx,2021-10.12,US,555
2021-10-31,18:42:03,271911,NA,NA,NA,ggrepel,0.9.1,US,396
2021-10-31,18:42:32,954153,4.1.1,x86_64,mingw32,conquer,1.0.2,ZA,444
2021-10-31,18:42:36,1825794,4.1.1,x86_64,mingw32,sp,1.4-5,ZA,444
2021-10-31,18:42:38,536103,NA,NA,NA,qwraps2,0.5.2,US,460
2021-10-31,18:42:29,1067065,4.1.1,x86_64,mingw32,SparseM,1.81,ZA,444
2021-10-31,18:42:30,434955,4.1.1,x86_64,mingw32,MatrixModels,0.5-0,ZA,444
2021-10-31,18:40:14,744340,NA,NA,NA,DBI,1.1.1,US,52
2021-10-31,18:42:34,6434355,4.0.2,x86_64,darwin17.0,qtl,1.50,US,678
2021-10-31,18:42:34,55714,3.5.2,x86_64,darwin15.6.0,backports,1.1.5,US,300
2021-10-31,18:42:38,1030040,3.5.2,x86_64,darwin15.6.0,haven,2.2.0,US,300
2021-10-31,18:42:36,3753239,3.5.2,x86_64,darwin15.6.0,isoband,0.2.0,US,300
2021-10-31,18:40:09,3311908,NA,NA,NA,lme4,1.1-27.1,US,412
2021-10-31,18:40:15,794431,NA,NA,NA,zoo,1.8-9,US,478
2021-10-31,18:42:34,236425,4.1.1,x86_64,mingw32,magrittr,2.0.1,PT,668
2021-10-31,18:42:38,201470,4.1.1,x86_64,darwin17.0,ConsRank,2.1.2,NA,8
2021-10-31,18:41:57,851630,NA,NA,NA,pkgdown,1.6.1,GB,13
2021-10-31,18:42:29,3263564,4.1.1,x86_64,mingw32,Rcpp,1.0.7,TH,575
2021-10-31,18:42:32,14535,NA,NA,NA,plan,0.4-3,US,691
2021-10-31,18:42:05,271911,NA,NA,NA,ggrepel,0.9.1,US,396
2021-10-31,18:40:14,1027491,4.1.1,x86_64,darwin17.0,zoo,1.8-9,US,474
2021-10-31,18:42:39,1458592,3.5.2,x86_64,darwin15.6.0,lubridate,1.7.4,US,300
2021-10-31,18:42:42,100208,NA,NA,NA,lifecycle,1.0.1,NA,8
2021-10-31,18:42:43,606714,4.1.1,i386,mingw32,fs,1.5.0,ZA,444
2021-10-31,18:42:37,2645712,4.1.1,i386,mingw32,colorspace,2.0-2,ZA,444
2021-10-31,18:42:40,638312,4.1.1,i386,mingw32,bit,4.0.4,ZA,444
2021-10-31,18:42:39,302423,NA,NA,NA,fansi,0.5.0,NA,8
2021-10-31,18:40:34,38876,4.1.1,x86_64,darwin17.0,quadprog,1.5-8,US,474
2021-10-31,18:40:13,314575,NA,NA,NA,TTR,0.24.2,US,478
2021-10-31,18:42:32,250821,3.5.2,x86_64,darwin15.6.0,bit,1.1-15.2,US,300
2021-10-31,18:41:28,66278,4.1.1,x86_64,mingw32,SDMTools,1.1-221,CO,584
2021-10-31,18:40:16,139604,4.1.1,x86_64,darwin17.0,glue,1.4.2,US,474
2021-10-31,18:42:35,96437,4.0.2,x86_64,darwin17.0,snow,0.4-4,US,678
2021-10-31,18:40:19,794431,NA,NA,NA,zoo,1.8-9,US,53
2021-10-31,18:42:32,290394,NA,NA,NA,rgeos,0.5-8,GB,9
2021-10-31,18:42:37,194673,4.0.2,x86_64,darwin17.0,mQTL,1.0,US,678
2021-10-31,18:42:38,92571,NA,NA,NA,tidyselect,1.1.1,NA,8
2021-10-31,18:42:41,371838,NA,NA,NA,devtools,2.4.2,GB,9
2021-10-31,18:42:40,371838,3.5.2,x86_64,linux-gnu,devtools,2.4.2,GB,9
2021-10-31,18:42:39,36260,3.5.2,x86_64,linux-gnu,textshaping,0.3.6,GB,9
2021-10-31,18:42:37,779445,3.5.2,x86_64,darwin15.6.0,fs,1.3.2,US,300
2021-10-31,18:42:39,114551,NA,NA,NA,hwriter,1.3.2,US,44
2021-10-31,18:42:44,414139,4.1.1,x86_64,linux-gnu,yardstick,0.0.8,NA,8
2021-10-31,18:42:37,19675581,4.1.1,x86_64,mingw32,BH,1.75.0-0,CH,692
2021-10-31,18:42:38,3241935,4.1.1,x86_64,mingw32,patchwork,1.1.1,CH,692
2021-10-31,18:42:38,1492072,4.1.1,x86_64,mingw32,mvnfast,0.2.7,CH,692
2021-10-31,18:42:20,2823525,NA,NA,NA,FactoMineR,2.4,US,100
2021-10-31,18:40:14,929763,4.1.1,x86_64,darwin17.0,xts,0.12.1,US,474
2021-10-31,18:40:17,18130,NA,NA,NA,pipeR,0.6.1.3,US,493
2021-10-31,18:42:41,1787128,4.1.1,x86_64,darwin17.0,broom,0.7.9,NA,8
2021-10-31,18:42:42,13280,NA,NA,NA,assertthat,0.2.1,US,232
2021-10-31,18:40:16,1676020,NA,NA,NA,RcppArmadillo,0.10.7.0.0,US,478
2021-10-31,18:42:41,183237,NA,NA,NA,munsell,0.5.0,NA,8
2021-10-31,18:42:37,99589,NA,NA,NA,glue,1.4.2,US,44
2021-10-31,18:42:44,1595952,3.5.2,x86_64,darwin15.6.0,googledrive,2.0.0,US,300
2021-10-31,18:39:13,1716685,4.1.1,x86_64,mingw32,lubridate,1.8.0,US,555
2021-10-31,18:39:13,4130395,4.1.1,x86_64,mingw32,ggplot2,3.3.5,US,555
2021-10-31,18:39:13,2600618,4.1.1,x86_64,mingw32,data.table,1.14.2,US,555
2021-10-31,18:39:17,40243,4.1.1,x86_64,mingw32,crayon,1.4.2,US,555
2021-10-31,18:39:17,482602,4.1.1,x86_64,mingw32,cli,3.1.0,US,555
2021-10-31,18:39:17,350768,4.1.1,x86_64,mingw32,future,1.23.0,US,555
2021-10-31,18:42:02,856381,3.5.2,x86_64,linux-gnu,units,0.7-2,GB,9
2021-10-31,18:42:03,290394,3.5.2,x86_64,linux-gnu,rgeos,0.5-8,GB,9
2021-10-31,18:41:59,371838,3.5.2,x86_64,linux-gnu,devtools,2.4.2,GB,9
2021-10-31,18:41:40,223864,NA,NA,NA,clhs,0.5-6,US,599
2021-10-31,18:42:42,4188839,NA,NA,NA,miniCRAN,0.2.14,US,232
2021-10-31,18:42:25,3063851,3.5.2,x86_64,linux-gnu,ggplot2,3.3.5,GB,9
2021-10-31,18:42:34,251732,3.5.2,x86_64,darwin15.6.0,processx,3.4.2,US,300
2021-10-31,18:42:34,326741,3.5.2,x86_64,darwin15.6.0,htmltools,0.4.0,US,300
2021-10-31,18:42:44,63868,NA,NA,NA,R6,2.5.1,NA,8
2021-10-31,18:42:36,47270,4.1.1,x86_64,mingw32,highr,0.9,NL,670
2021-10-31,18:42:38,1201483,4.1.1,x86_64,mingw32,rlang,0.4.12,NL,670
2021-10-31,18:42:36,35540,3.5.2,x86_64,darwin15.6.0,mime,0.9,US,300
2021-10-31,18:42:09,92463,3.6.1,x86_64,linux-gnu,rex,1.2.0,US,686
2021-10-31,18:42:38,5899,NA,NA,NA,aws.ec2metadata,0.2.0,US,59
2021-10-31,18:42:38,5899,NA,NA,NA,aws.ec2metadata,0.2.0,US,59
2021-10-31,18:42:43,240974,NA,NA,NA,utf8,1.2.2,NA,8
2021-10-31,18:42:39,427738,3.5.2,x86_64,linux-gnu,ragg,1.2.0,GB,9
2021-10-31,18:42:39,427738,3.5.2,x86_64,linux-gnu,ragg,1.2.0,GB,9
2021-10-31,18:42:39,427738,3.5.2,x86_64,linux-gnu,ragg,1.2.0,GB,9
2021-10-31,18:42:42,798981,NA,NA,NA,geosphere,1.5-14,FR,51
2021-10-31,18:42:16,41908,3.6.1,x86_64,linux-gnu,optparse,1.7.1,US,686
2021-10-31,18:42:34,238736,3.5.2,x86_64,darwin15.6.0,tidyselect,1.0.0,US,300
2021-10-31,18:42:32,3524687,NA,NA,NA,sf,1.0-3,GB,13
2021-10-31,18:42:42,353415,4.1.1,x86_64,darwin17.0,pbkrtest,0.5.1,NA,8
2021-10-31,18:42:34,2568909,NA,NA,NA,rgl,0.107.14,GB,13
2021-10-31,18:42:34,802033,NA,NA,NA,V8,3.4.2,GB,9
2021-10-31,18:42:38,36260,3.5.2,x86_64,linux-gnu,textshaping,0.3.6,GB,9
2021-10-31,18:42:33,5899,NA,NA,NA,aws.ec2metadata,0.2.0,US,59
2021-10-31,18:42:00,557033,NA,NA,NA,js,1.2,GB,13
2021-10-31,18:42:03,856381,3.5.2,x86_64,linux-gnu,units,0.7-2,GB,9
2021-10-31,18:41:31,37845,NA,NA,NA,reshape2,1.4.4,US,109
2021-10-31,18:42:43,516152,NA,NA,NA,scales,1.1.1,NA,8
2021-10-31,18:42:40,7344146,4.1.1,x86_64,darwin17.0,lme4,1.1-27.1,NA,8
2021-10-31,18:42:35,2120320,3.5.2,x86_64,darwin15.6.0,data.table,1.12.8,US,300
2021-10-31,18:42:34,290394,NA,NA,NA,rgeos,0.5-8,GB,13
2021-10-31,18:42:44,3063851,3.5.2,x86_64,linux-gnu,ggplot2,3.3.5,GB,9
2021-10-31,18:42:43,632683,3.5.2,x86_64,darwin15.6.0,broom,0.7.9,US,300
2021-10-31,18:42:35,138156,3.5.2,x86_64,darwin15.6.0,glue,1.3.2,US,300
2021-10-31,18:42:36,3969254,3.5.1,x86_64,mingw32,openssl,1.4.1,BE,605
2021-10-31,18:42:36,22693,3.5.1,x86_64,mingw32,pkgconfig,2.0.3,BE,605
2021-10-31,18:42:37,19264,3.5.1,x86_64,mingw32,plogr,0.2.0,BE,605
2021-10-31,18:42:37,1313840,3.5.1,x86_64,mingw32,plyr,1.8.6,BE,605
2021-10-31,18:42:37,293173,3.5.1,x86_64,mingw32,png,0.1-7,BE,605
2021-10-31,18:42:37,20006,3.5.1,x86_64,mingw32,praise,1.0.0,BE,605
2021-10-31,18:42:38,235116,3.5.1,x86_64,mingw32,prediction,0.3.14,BE,605
2021-10-31,18:42:38,472513,3.5.1,x86_64,mingw32,proto,1.0.0,BE,605
2021-10-31,18:42:38,425606,3.5.1,x86_64,mingw32,purrr,0.3.4,BE,605
2021-10-31,18:42:38,378166,3.5.1,x86_64,mingw32,qdapRegex,0.7.2,BE,605
2021-10-31,18:42:38,1776442,3.5.1,x86_64,mingw32,quantreg,5.55,BE,605
2021-10-31,18:42:39,3316967,3.5.1,x86_64,mingw32,raster,3.1-5,BE,605
2021-10-31,18:42:40,56030,3.5.1,x86_64,mingw32,RColorBrewer,1.1-2,BE,605
2021-10-31,18:42:40,3051303,3.5.1,x86_64,mingw32,Rcpp,1.0.4.6,BE,605
2021-10-31,18:42:40,2679570,3.5.1,x86_64,mingw32,RcppEigen,0.3.3.7.0,BE,605
2021-10-31,18:42:41,1589097,3.5.1,x86_64,mingw32,readr,1.3.1,BE,605
2021-10-31,18:42:41,824630,3.5.1,x86_64,mingw32,readstata13,0.9.2,BE,605
2021-10-31,18:42:42,1534155,3.5.1,x86_64,mingw32,readxl,1.3.1,BE,605
2021-10-31,18:42:42,78125,3.5.1,x86_64,mingw32,relimp,1.0-5,BE,605
2021-10-31,18:42:42,16529,3.5.1,x86_64,mingw32,rematch,1.0.1,BE,605
2021-10-31,18:42:42,631955,3.5.1,x86_64,mingw32,reshape2,1.4.4,BE,605
2021-10-31,18:42:43,124707,3.5.1,x86_64,mingw32,rex,1.2.0,BE,605
2021-10-31,18:42:34,794428,NA,NA,NA,zoo,1.8-9,US,271
2021-10-31,18:42:44,537,3.3.1,x86_64,linux-gnu,R6,2.5.1,US,693
2021-10-31,18:42:35,1070011,3.5.2,x86_64,darwin15.6.0,vctrs,0.2.4,US,300
2021-10-31,18:42:44,290394,3.5.2,x86_64,linux-gnu,rgeos,0.5-8,GB,9
2021-10-31,18:42:44,427738,3.5.2,x86_64,linux-gnu,ragg,1.2.0,GB,9
2021-10-31,18:42:36,243919,3.5.2,x86_64,darwin15.6.0,digest,0.6.25,US,300
2021-10-31,18:42:25,104797,4.1.1,x86_64,mingw32,hms,1.1.1,US,647
2021-10-31,18:42:25,38429,4.1.1,x86_64,mingw32,prettyunits,1.1.1,US,647
2021-10-31,18:42:26,86521,4.1.1,x86_64,mingw32,progress,1.2.2,US,647
2021-10-31,18:42:02,856381,3.5.2,x86_64,linux-gnu,units,0.7-2,GB,9
2021-10-31,18:42:02,427738,3.5.2,x86_64,linux-gnu,ragg,1.2.0,GB,9
2021-10-31,18:42:02,3524687,3.5.2,x86_64,linux-gnu,sf,1.0-3,GB,9
2021-10-31,18:42:04,802033,NA,NA,NA,V8,3.4.2,GB,9
2021-10-31,18:41:19,36680,NA,NA,NA,quadprog,1.5-8,US,616
2021-10-31,18:42:39,856407,4.1.1,x86_64,mingw32,minqa,1.2.4,ZA,444
2021-10-31,18:42:40,1244937,4.1.1,x86_64,mingw32,nloptr,1.2.2.2,ZA,444
2021-10-31,18:42:35,795154,3.6.3,x86_64,linux-gnu,zoo,1.8-9,NA,8
2021-10-31,18:42:39,42858345,4.0.3,x86_64,mingw32,rgdal,1.5-27,PL,642
2021-10-31,18:42:39,75384,4.1.1,x86_64,darwin17.0,generics,0.1.1,NA,8
2021-10-31,18:42:36,518626,4.0.2,x86_64,linux-gnu,sodium,1.2.0,US,694
2021-10-31,18:42:13,65494,3.6.1,x86_64,linux-gnu,caTools,1.18.2,US,686
2021-10-31,18:42:45,131137,NA,NA,NA,vagam,1.1,CN,695
2021-10-31,18:42:42,75054,NA,NA,NA,callr,3.7.0,US,271
2021-10-31,18:42:33,1823370,3.5.2,x86_64,darwin15.6.0,farver,2.0.3,US,300
2021-10-31,18:42:38,427738,3.5.2,x86_64,linux-gnu,ragg,1.2.0,GB,9
2021-10-31,18:42:45,31452,NA,NA,NA,thief,0.3,US,152
2021-10-31,18:40:25,41899,NA,NA,NA,selectr,0.4-2,US,109
2021-10-31,18:42:38,871726,4.1.1,x86_64,mingw32,tibble,3.1.5,TH,575
2021-10-31,18:42:39,1195010,4.1.1,x86_64,mingw32,gratia,0.6.0,CH,692
2021-10-31,18:42:46,160498,NA,NA,NA,httr,1.4.2,NA,8
2021-10-31,18:42:36,33221,3.5.2,x86_64,darwin15.6.0,ellipsis,0.3.0,US,300
2021-10-31,18:42:46,2891958,4.1.1,x86_64,mingw32,spacetime,1.2-5,IR,696
2021-10-31,18:42:40,782545,4.1.1,x86_64,mingw32,intervals,0.15.2,IR,696
2021-10-31,18:42:44,427738,3.5.2,x86_64,linux-gnu,ragg,1.2.0,GB,9
2021-10-31,18:42:44,36260,3.5.2,x86_64,linux-gnu,textshaping,0.3.6,GB,9
2021-10-31,18:40:18,476243,NA,NA,NA,lubridate,1.8.0,US,493
2021-10-31,18:42:04,3524687,3.5.2,x86_64,linux-gnu,sf,1.0-3,GB,9
2021-10-31,18:41:59,851630,3.5.2,x86_64,linux-gnu,pkgdown,1.6.1,GB,9
2021-10-31,18:42:01,36260,3.5.2,x86_64,linux-gnu,textshaping,0.3.6,GB,9
2021-10-31,18:42:37,2388860,3.5.2,x86_64,darwin15.6.0,vroom,1.2.0,US,300
2021-10-31,18:42:41,1469498,4.0.4,x86_64,mingw32,knitr,1.36,NA,8
2021-10-31,18:42:37,27002,4.0.2,x86_64,darwin17.0,doSNOW,1.0.19,US,678
2021-10-31,18:42:37,1907185,4.1.1,x86_64,mingw32,ggpubr,0.4.0,ZA,444
2021-10-31,18:42:38,818447,4.1.1,x86_64,mingw32,reshape2,1.4.4,ZA,444
2021-10-31,18:42:43,1570647,4.1.1,x86_64,mingw32,car,3.0-11,ZA,444
2021-10-31,18:42:32,1718052,4.1.1,x86_64,mingw32,readxl,1.3.1,US,647
2021-10-31,18:42:42,266121,NA,NA,NA,magrittr,2.0.1,US,44
2021-10-31,18:40:17,1265544,4.1.1,x86_64,darwin17.0,dplyr,1.0.7,US,474
2021-10-31,18:42:45,31445,NA,NA,NA,thief,0.3,US,140
2021-10-31,18:42:14,147222,3.6.1,x86_64,linux-gnu,covr,3.5.1,US,687
2021-10-31,18:42:37,851630,3.5.2,x86_64,linux-gnu,pkgdown,1.6.1,GB,9
2021-10-31,18:42:40,984347,3.5.2,x86_64,darwin15.6.0,tidyr,1.0.2,US,300
2021-10-31,18:40:20,252532,NA,NA,NA,AzureStor,3.5.2,US,232
2021-10-31,18:42:40,231603,4.1.1,x86_64,mingw32,expint,0.1-6,FR,697
2021-10-31,18:42:40,63486,4.1.1,x86_64,mingw32,fastICA,1.2-3,FR,697
2021-10-31,18:42:40,55527,4.1.1,x86_64,mingw32,assertthat,0.2.1,FR,697
2021-10-31,18:42:41,1838217,4.1.1,x86_64,mingw32,extraDistr,1.9.1,FR,697
2021-10-31,18:42:41,209917,4.1.1,x86_64,mingw32,logitnorm,0.8.38,FR,697
2021-10-31,18:42:42,2161400,4.1.1,x86_64,mingw32,actuar,3.2-0,FR,697
2021-10-31,18:42:30,3176784,4.1.1,x86_64,mingw32,plotly,4.10.0,NA,8
2021-10-31,18:42:22,77366,4.1.1,x86_64,mingw32,evaluate,0.14,NL,698
2021-10-31,18:42:24,381729,4.1.1,x86_64,mingw32,xfun,0.27,NL,698
2021-10-31,18:42:24,47259,4.1.1,x86_64,mingw32,highr,0.9,NL,698
2021-10-31,18:40:24,1281981,4.1.1,x86_64,mingw32,textclean,0.9.3,CA,699
2021-10-31,18:42:43,290394,3.5.2,x86_64,linux-gnu,rgeos,0.5-8,GB,9
2021-10-31,18:42:45,3063851,3.5.2,x86_64,linux-gnu,ggplot2,3.3.5,GB,9
2021-10-31,18:42:42,785174,3.5.2,x86_64,linux-gnu,Hmisc,4.6-0,GB,9
2021-10-31,18:42:39,851630,3.5.2,x86_64,linux-gnu,pkgdown,1.6.1,GB,9
2021-10-31,18:42:45,290394,3.5.2,x86_64,linux-gnu,rgeos,0.5-8,GB,9
2021-10-31,18:42:44,266253,NA,NA,NA,magrittr,2.0.1,NA,8
2021-10-31,18:42:17,156952,NA,NA,NA,crayon,1.4.2,US,2
2021-10-31,18:42:43,785174,3.5.2,x86_64,linux-gnu,Hmisc,4.6-0,GB,9
2021-10-31,18:42:49,273995,4.1.1,x86_64,darwin17.0,parallelly,1.28.1,NA,8
2021-10-31,18:42:34,244737,3.5.1,x86_64,mingw32,munsell,0.5.0,BE,605
2021-10-31,18:42:34,2346584,3.5.1,x86_64,mingw32,nlme,3.1-137,BE,605
2021-10-31,18:42:35,1078307,3.5.1,x86_64,mingw32,nloptr,1.2.2.1,BE,605
2021-10-31,18:42:35,135775,3.5.1,x86_64,mingw32,nnet,7.3-13,BE,605
2021-10-31,18:42:35,39019,3.5.1,x86_64,mingw32,nortest,1.0-4,BE,605
2021-10-31,18:42:35,1079796,3.5.1,x86_64,mingw32,odbc,1.2.2,BE,605
2021-10-31,18:42:46,871722,4.1.1,x86_64,mingw32,tibble,3.1.5,NL,698
2021-10-31,18:42:46,1070752,4.1.1,x86_64,mingw32,tidyr,1.1.4,NL,698
2021-10-31,18:42:46,1795119,4.1.1,x86_64,mingw32,broom,0.7.9,NL,698
2021-10-31,18:42:47,40241,4.1.1,x86_64,mingw32,crayon,1.4.2,NL,698
2021-10-31,18:42:39,851630,3.5.2,x86_64,linux-gnu,pkgdown,1.6.1,GB,9
2021-10-31,18:42:04,785174,3.5.2,x86_64,linux-gnu,Hmisc,4.6-0,GB,9
2021-10-31,18:42:17,105664,NA,NA,NA,rprojroot,2.0.2,US,2
2021-10-31,18:42:36,784985,4.0.2,x86_64,darwin17.0,RcppZiggurat,0.1.6,US,678
2021-10-31,18:42:39,778464,3.5.2,x86_64,darwin15.6.0,readr,1.3.1,US,300
2021-10-31,18:42:39,409791,3.5.2,x86_64,darwin15.6.0,purrr,0.3.3,US,300
2021-10-31,18:42:43,74991,3.5.2,x86_64,darwin15.6.0,callr,3.7.0,US,300
2021-10-31,18:40:56,3006379,4.1.1,x86_64,mingw32,xml2,1.3.2,GT,24
2021-10-31,18:40:57,208223,4.1.1,x86_64,mingw32,rvest,1.0.2,GT,24
2021-10-31,18:40:17,852643,NA,NA,NA,dplyr,1.0.7,US,493
2021-10-31,18:42:46,3264122,4.1.1,x86_64,darwin17.0,Hmisc,4.6-0,US,184
2021-10-31,18:42:42,13759,3.5.2,x86_64,darwin15.6.0,rematch2,2.1.2,US,300
2021-10-31,18:42:43,897580,3.5.2,x86_64,darwin15.6.0,knitr,1.36,US,300
2021-10-31,18:42:41,776240,4.1.1,x86_64,mingw32,ps,1.6.0,AR,316
2021-10-31,18:42:42,43692,4.1.1,x86_64,mingw32,base64enc,0.1-3,AR,316
2021-10-31,18:42:42,216031,4.1.1,x86_64,mingw32,fastmap,1.1.0,AR,316
2021-10-31,18:42:42,1247239,4.1.1,x86_64,mingw32,processx,3.5.2,AR,316
2021-10-31,18:42:42,77367,4.1.1,x86_64,mingw32,evaluate,0.14,AR,316
2021-10-31,18:42:42,47267,4.1.1,x86_64,mingw32,highr,0.9,AR,316
2021-10-31,18:42:42,208405,4.1.1,x86_64,mingw32,yaml,2.2.1,AR,316
2021-10-31,18:42:43,381737,4.1.1,x86_64,mingw32,xfun,0.27,AR,316
2021-10-31,18:42:43,348017,4.1.1,x86_64,mingw32,htmltools,0.5.2,AR,316
2021-10-31,18:42:43,124470,4.1.1,x86_64,mingw32,tinytex,0.34,AR,316
2021-10-31,18:42:43,526396,4.1.1,x86_64,mingw32,jquerylib,0.1.4,AR,316
2021-10-31,18:42:43,438456,4.1.1,x86_64,mingw32,callr,3.7.0,AR,316
2021-10-31,18:42:43,1470339,4.1.1,x86_64,mingw32,knitr,1.36,AR,316
2021-10-31,18:42:26,156222,4.1.1,x86_64,mingw32,glue,1.4.2,NL,698
2021-10-31,18:42:26,236424,4.1.1,x86_64,mingw32,magrittr,2.0.1,NL,698
2021-10-31,18:42:28,16449891,4.1.1,x86_64,mingw32,stringi,1.7.5,NL,698
2021-10-31,18:42:45,822214,NA,NA,NA,hts,6.0.2,US,140
2021-10-31,18:42:47,100172,NA,NA,NA,table.express,0.3.1,FR,51
2021-10-31,18:42:41,1265399,4.1.1,x86_64,darwin17.0,dplyr,1.0.7,NA,8
2021-10-31,18:42:38,851630,3.5.2,x86_64,linux-gnu,pkgdown,1.6.1,GB,9
2021-10-31,18:42:38,371838,3.5.2,x86_64,linux-gnu,devtools,2.4.2,GB,9
2021-10-31,18:42:42,2645711,4.1.1,x86_64,mingw32,colorspace,2.0-2,ZA,444
2021-10-31,18:42:43,638316,4.1.1,x86_64,mingw32,bit,4.0.4,ZA,444
2021-10-31,18:42:48,245959,4.1.1,x86_64,mingw32,proxy,0.4-26,NA,8
2021-10-31,18:42:48,1023962,4.1.1,x86_64,mingw32,e1071,1.7-9,NA,8
2021-10-31,18:42:37,1286726,4.1.1,x86_64,mingw32,haven,2.4.3,ZA,444
2021-10-31,18:42:45,265883,4.0.4,x86_64,mingw32,latex2exp,0.5.0,NA,8
2021-10-31,18:42:48,160719,4.0.4,x86_64,mingw32,pwr,1.3-0,NA,8
2021-10-31,18:42:46,165614,3.3.1,x86_64,linux-gnu,digest,0.6.28,US,693
2021-10-31,18:42:42,314181,3.5.2,x86_64,darwin15.6.0,gargle,1.2.0,US,300
2021-10-31,18:42:44,785174,3.5.2,x86_64,linux-gnu,Hmisc,4.6-0,GB,9
2021-10-31,18:42:47,783847,NA,NA,NA,vctrs,0.3.8,NA,8
2021-10-31,18:42:42,113679,4.1.1,x86_64,darwin17.0,numDeriv,2016.8-1.1,NA,8
2021-10-31,18:42:39,1070754,4.1.1,x86_64,mingw32,tidyr,1.1.4,BR,545
2021-10-31,18:42:43,149037,NA,NA,NA,magickGUI,1.3.0,US,84
2021-10-31,18:42:44,19020,NA,NA,NA,magicLamp,0.1.0,US,84
2021-10-31,18:42:47,710241,NA,NA,NA,tidyr,1.1.4,NA,8
2021-10-31,18:41:20,683476,NA,NA,NA,urca,1.3-0,US,628
2021-10-31,18:41:58,1426034,4.1.1,x86_64,mingw32,tzdb,0.1.2,GB,423
2021-10-31,18:42:45,2400955,NA,NA,NA,shinystan,2.5.0,US,335
2021-10-31,18:39:17,999007,4.2.0,x86_64,linux-gnu,debugme,1.1.0,US,655
2021-10-31,18:42:49,3549265,NA,NA,NA,rstanarm,2.21.1,US,335
2021-10-31,18:42:43,199314,4.1.1,x86_64,darwin17.0,rvest,1.0.2,MY,700
2021-10-31,18:42:32,3524687,NA,NA,NA,sf,1.0-3,GB,9
2021-10-31,18:42:13,23869,3.6.1,x86_64,linux-gnu,squash,1.0.9,US,138
2021-10-31,18:42:49,862987,NA,NA,NA,rlang,0.4.12,NA,8
2021-10-31,18:42:41,2568909,NA,NA,NA,rgl,0.107.14,GB,13
2021-10-31,18:42:37,802033,NA,NA,NA,V8,3.4.2,GB,13
2021-10-31,18:42:37,371838,3.5.2,x86_64,linux-gnu,devtools,2.4.2,GB,9
2021-10-31,18:42:41,802033,NA,NA,NA,V8,3.4.2,GB,13
2021-10-31,18:41:32,707291,4.1.1,x86_64,mingw32,xtable,1.8-4,US,701
2021-10-31,18:41:33,295569,4.1.1,x86_64,mingw32,fdth,1.2-6,US,701
2021-10-31,18:42:02,1098826,3.5.2,x86_64,darwin15.6.0,pillar,1.6.4,US,300
2021-10-31,18:42:39,851630,3.5.2,x86_64,linux-gnu,pkgdown,1.6.1,GB,9
2021-10-31,18:42:37,557031,NA,NA,NA,js,1.2,GB,13
2021-10-31,18:42:38,36260,3.5.2,x86_64,linux-gnu,textshaping,0.3.6,GB,9
2021-10-31,18:42:45,72476,3.3.1,x86_64,linux-gnu,uuid,1.0-2,US,693
2021-10-31,18:42:46,1089048,3.5.2,x86_64,darwin15.6.0,reprex,2.0.1,US,300
2021-10-31,18:42:02,100209,3.5.2,x86_64,darwin15.6.0,lifecycle,1.0.1,US,300
2021-10-31,18:40:23,198863,4.1.1,x86_64,darwin17.0,tidyselect,1.1.1,US,474
2021-10-31,18:42:44,427738,3.5.2,x86_64,linux-gnu,ragg,1.2.0,GB,9
2021-10-31,18:42:38,371838,3.5.2,x86_64,linux-gnu,devtools,2.4.2,GB,9
2021-10-31,18:42:49,1152550,NA,NA,NA,rstan,2.21.2,US,335
2021-10-31,18:42:48,1092145,4.0.0,x86_64,mingw32,bookdown,0.24,NA,8
2021-10-31,18:42:49,3549265,NA,NA,NA,rstanarm,2.21.1,US,335
2021-10-31,18:42:40,371838,3.5.2,x86_64,linux-gnu,devtools,2.4.2,GB,9
2021-10-31,18:42:49,1152550,NA,NA,NA,rstan,2.21.2,US,335
2021-10-31,18:42:44,3063851,NA,NA,NA,ggplot2,3.3.5,GB,9
2021-10-31,18:42:53,37290,NA,NA,NA,listenv,0.8.0,US,232
2021-10-31,18:42:41,30599,3.5.2,x86_64,darwin15.6.0,tinytex,0.34,US,300
2021-10-31,18:40:30,45971,4.1.1,x86_64,darwin17.0,rappdirs,0.3.3,US,474
2021-10-31,18:42:44,69505,4.1.1,x86_64,mingw32,githubinstall,0.2.2,NA,8
2021-10-31,18:42:34,2568909,NA,NA,NA,rgl,0.107.14,GB,9
2021-10-31,18:42:37,327863,4.1.1,x86_64,mingw32,cpp11,0.4.0,NL,698
2021-10-31,18:42:39,1716685,4.1.1,x86_64,mingw32,lubridate,1.8.0,NL,698
2021-10-31,18:42:41,622045,4.1.1,x86_64,mingw32,stargazer,5.2.2,NL,698
2021-10-31,18:42:40,1460080,4.0.2,x86_64,darwin17.0,coin,1.4-2,MO,683
2021-10-31,18:40:30,527030,4.1.1,x86_64,darwin17.0,jquerylib,0.1.4,US,474
2021-10-31,18:40:31,188174,4.1.1,x86_64,darwin17.0,fastmap,1.1.0,US,474
2021-10-31,18:42:47,59385,4.1.1,i386,mingw32,rappdirs,0.3.3,ZA,444
2021-10-31,18:40:18,55205,NA,NA,NA,aws.s3,0.3.21,US,493
2021-10-31,18:42:50,100208,NA,NA,NA,lifecycle,1.0.1,NA,8
2021-10-31,18:42:42,723510,NA,NA,NA,vroom,1.5.5,US,271
2021-10-31,18:42:43,112425,NA,NA,NA,dtplyr,1.1.0,US,271
2021-10-31,18:42:45,43645,NA,NA,NA,hms,1.1.1,US,271
2021-10-31,18:42:42,564022,NA,NA,NA,tzdb,0.2.0,US,271
2021-10-31,18:42:43,516153,3.5.2,x86_64,darwin15.6.0,scales,1.1.1,US,300
2021-10-31,18:42:11,2568909,NA,NA,NA,rgl,0.107.14,GB,13
